Encoder Read Distance,Target Distance,PWM Output,Error,Encoder Parse Speed,target Speed,I6,I7,I8,I9
0.000000,0.000000,0.000000,0.000000,0.000000,0.000000,0.000000,0.000000,0.000000,0.000000
0.000000,0.000000,0.000000,0.000000,0.000000,0.000000,0.000000,0.000000,0.000000,0.000000
0.000000,0.000000,0.000000,0.000000,0.000000,0.000000,0.000000,0.000000,0.000000,0.000000
0.000000,0.000000,0.000000,0.000000,0.000000,0.000000,0.000000,0.000000,0.000000,0.000000
0.000000,0.000000,0.000000,0.000000,0.000000,0.000000,0.000000,0.000000,0.000000,0.000000
0.000000,0.000000,0.000000,0.000000,0.000000,0.000000,0.000000,0.000000,0.000000,0.000000
0.000000,0.000000,0.000000,0.000000,0.000000,0.000000,0.000000,0.000000,0.000000,0.000000
0.000000,0.000000,0.000000,0.000000,0.000000,0.000000,0.000000,0.000000,0.000000,0.000000
0.000000,0.000000,0.000000,0.000000,0.000000,0.000000,0.000000,0.000000,0.000000,0.000000
0.000000,0.000000,0.000000,0.000000,0.000000,0.000000,0.000000,0.000000,0.000000,0.000000
0.000000,0.000000,0.000000,0.000000,0.000000,0.000000,0.000000,0.000000,0.000000,0.000000
0.000000,0.000000,0.000000,0.000000,0.000000,0.000000,0.000000,0.000000,0.000000,0.000000
0.000000,0.000000,0.000000,0.000000,0.000000,0.000000,0.000000,0.000000,0.000000,0.000000
0.000000,0.000000,0.000000,0.000000,0.000000,0.000000,0.000000,0.000000,0.000000,0.000000
0.000000,0.000000,0.000000,0.000000,0.000000,0.000000,0.000000,0.000000,0.000000,0.000000
0.000000,0.000000,0.000000,0.000000,0.000000,0.000000,0.000000,0.000000,0.000000,0.000000
0.000000,0.000000,0.000000,0.000000,0.000000,0.000000,0.000000,0.000000,0.000000,0.000000
0.000000,0.000000,0.000000,0.000000,0.000000,0.000000,0.000000,0.000000,0.000000,0.000000
0.000000,0.000000,0.000000,0.000000,0.000000,0.000000,0.000000,0.000000,0.000000,0.000000
0.000000,0.000000,0.000000,0.000000,0.000000,0.000000,0.000000,0.000000,0.000000,0.000000
0.000000,0.000000,0.000000,0.000000,0.000000,0.000000,0.000000,0.000000,0.000000,0.000000
0.000000,0.000000,0.000000,0.000000,0.000000,0.000000,0.000000,0.000000,0.000000,0.000000
0.000000,0.000000,0.000000,0.000000,0.000000,0.000000,0.000000,0.000000,0.000000,0.000000
0.000000,0.000000,0.000000,0.000000,0.000000,0.000000,0.000000,0.000000,0.000000,0.000000
0.000000,0.000000,0.000000,0.000000,0.000000,0.000000,0.000000,0.000000,0.000000,0.000000
0.000000,0.000000,0.000000,0.000000,0.000000,0.000000,0.000000,0.000000,0.000000,0.000000
0.000000,0.000000,0.000000,0.000000,0.000000,0.000000,0.000000,0.000000,0.000000,0.000000
0.000000,0.000000,0.000000,0.000000,0.000000,0.000000,0.000000,0.000000,0.000000,0.000000
0.000000,0.000000,0.000000,0.000000,0.000000,0.000000,0.000000,0.000000,0.000000,0.000000
0.000000,0.000000,0.000000,0.000000,0.000000,0.000000,0.000000,0.000000,0.000000,0.000000
0.000000,0.000000,0.000000,0.000000,0.000000,0.000000,0.000000,0.000000,0.000000,0.000000
0.000000,0.000000,0.000000,0.000000,0.000000,0.000000,0.000000,0.000000,0.000000,0.000000
0.000000,0.000000,0.000000,0.000000,0.000000,0.000000,0.000000,0.000000,0.000000,0.000000
0.000000,0.000000,0.000000,0.000000,0.000000,0.000000,0.000000,0.000000,0.000000,0.000000
0.000000,0.000000,0.000000,0.000000,0.000000,0.000000,0.000000,0.000000,0.000000,0.000000
0.000000,0.000000,0.000000,0.000000,0.000000,0.000000,0.000000,0.000000,0.000000,0.000000
0.000000,0.000000,0.000000,0.000000,0.000000,0.000000,0.000000,0.000000,0.000000,0.000000
0.000000,0.000000,0.000000,0.000000,0.000000,0.000000,0.000000,0.000000,0.000000,0.000000
0.000000,0.000000,0.000000,0.000000,0.000000,0.000000,0.000000,0.000000,0.000000,0.000000
0.000000,0.000000,0.000000,0.000000,0.000000,0.000000,0.000000,0.000000,0.000000,0.000000
0.000000,0.000000,0.000000,0.000000,0.000000,0.000000,0.000000,0.000000,0.000000,0.000000
0.000000,0.000000,0.000000,0.000000,0.000000,0.000000,0.000000,0.000000,0.000000,0.000000
0.000000,0.000000,0.000000,0.000000,0.000000,0.000000,0.000000,0.000000,0.000000,0.000000
0.000000,0.000000,0.000000,0.000000,0.000000,0.000000,0.000000,0.000000,0.000000,0.000000
0.000000,0.000000,0.000000,0.000000,0.000000,0.000000,0.000000,0.000000,0.000000,0.000000
0.000000,0.000000,0.000000,0.000000,0.000000,0.000000,0.000000,0.000000,0.000000,0.000000
0.000000,0.000000,0.000000,0.000000,0.000000,0.000000,0.000000,0.000000,0.000000,0.000000
0.000000,0.000000,0.000000,0.000000,0.000000,0.000000,0.000000,0.000000,0.000000,0.000000
0.000000,0.000000,0.000000,0.000000,0.000000,0.000000,0.000000,0.000000,0.000000,0.000000
0.000000,0.000000,0.000000,0.000000,0.000000,0.000000,0.000000,0.000000,0.000000,0.000000
0.000000,0.000000,0.000000,0.000000,0.000000,0.000000,0.000000,0.000000,0.000000,0.000000
0.000000,0.000000,0.000000,0.000000,0.000000,0.000000,0.000000,0.000000,0.000000,0.000000
0.000000,0.000000,0.000000,0.000000,0.000000,0.000000,0.000000,0.000000,0.000000,0.000000
0.000000,0.000000,0.000000,0.000000,0.000000,0.000000,0.000000,0.000000,0.000000,0.000000
0.000000,0.000000,0.000000,0.000000,0.000000,0.000000,0.000000,0.000000,0.000000,0.000000
0.000000,0.000000,0.000000,0.000000,0.000000,0.000000,0.000000,0.000000,0.000000,0.000000
0.000000,0.000000,0.000000,0.000000,0.000000,0.000000,0.000000,0.000000,0.000000,0.000000
0.000000,0.000000,0.000000,0.000000,0.000000,0.000000,0.000000,0.000000,0.000000,0.000000
0.000000,0.000000,0.000000,0.000000,0.000000,0.000000,0.000000,0.000000,0.000000,0.000000
0.000000,0.000000,0.000000,0.000000,0.000000,0.000000,0.000000,0.000000,0.000000,0.000000
0.000000,0.000000,0.000000,0.000000,0.000000,0.000000,0.000000,0.000000,0.000000,0.000000
0.000000,0.000000,0.000000,0.000000,0.000000,0.000000,0.000000,0.000000,0.000000,0.000000
0.000000,0.000000,0.000000,0.000000,0.000000,0.000000,0.000000,0.000000,0.000000,0.000000
0.000000,0.000000,0.000000,0.000000,0.000000,0.000000,0.000000,0.000000,0.000000,0.000000
0.000000,0.000000,0.000000,0.000000,0.000000,0.000000,0.000000,0.000000,0.000000,0.000000
0.000000,0.000000,0.000000,0.000000,0.000000,0.000000,0.000000,0.000000,0.000000,0.000000
0.000000,0.000000,0.000000,0.000000,0.000000,0.000000,0.000000,0.000000,0.000000,0.000000
0.000000,0.000000,0.000000,0.000000,0.000000,0.000000,0.000000,0.000000,0.000000,0.000000
0.000000,0.000000,0.000000,0.000000,0.000000,0.000000,0.000000,0.000000,0.000000,0.000000
0.000000,0.000000,0.000000,0.000000,0.000000,0.000000,0.000000,0.000000,0.000000,0.000000
0.000000,0.000000,0.000000,0.000000,0.000000,0.000000,0.000000,0.000000,0.000000,0.000000
0.000000,0.000000,0.000000,0.000000,0.000000,0.000000,0.000000,0.000000,0.000000,0.000000
0.000000,0.000000,0.000000,0.000000,0.000000,0.000000,0.000000,0.000000,0.000000,0.000000
0.000000,0.000000,0.000000,0.000000,0.000000,0.000000,0.000000,0.000000,0.000000,0.000000
0.000000,0.000000,0.000000,0.000000,0.000000,0.000000,0.000000,0.000000,0.000000,0.000000
0.000000,0.000000,0.000000,0.000000,0.000000,0.000000,0.000000,0.000000,0.000000,0.000000
0.000000,0.000000,0.000000,0.000000,0.000000,0.000000,0.000000,0.000000,0.000000,0.000000
0.000000,0.000000,0.000000,0.000000,0.000000,0.000000,0.000000,0.000000,0.000000,0.000000
0.000000,0.000000,0.000000,0.000000,0.000000,0.000000,0.000000,0.000000,0.000000,0.000000
0.000000,0.000000,0.000000,0.000000,0.000000,0.000000,0.000000,0.000000,0.000000,0.000000
0.000000,0.000000,0.000000,0.000000,0.000000,0.000000,0.000000,0.000000,0.000000,0.000000
0.000000,0.000000,0.000000,0.000000,0.000000,0.000000,0.000000,0.000000,0.000000,0.000000
0.000000,0.000000,0.000000,0.000000,0.000000,0.000000,0.000000,0.000000,0.000000,0.000000
0.000000,0.000000,0.000000,0.000000,0.000000,0.000000,0.000000,0.000000,0.000000,0.000000
0.000000,0.000000,0.000000,0.000000,0.000000,0.000000,0.000000,0.000000,0.000000,0.000000
0.000000,0.000000,0.000000,0.000000,0.000000,0.000000,0.000000,0.000000,0.000000,0.000000
0.000000,0.000000,0.000000,0.000000,0.000000,0.000000,0.000000,0.000000,0.000000,0.000000
0.000000,0.000000,0.000000,0.000000,0.000000,0.000000,0.000000,0.000000,0.000000,0.000000
0.000000,0.000000,0.000000,0.000000,0.000000,0.000000,0.000000,0.000000,0.000000,0.000000
0.000000,0.000000,0.000000,0.000000,0.000000,0.000000,0.000000,0.000000,0.000000,0.000000
0.000000,0.000000,0.000000,0.000000,0.000000,0.000000,0.000000,0.000000,0.000000,0.000000
0.000000,0.000000,0.000000,0.000000,0.000000,0.000000,0.000000,0.000000,0.000000,0.000000
0.000000,0.000000,0.000000,0.000000,0.000000,0.000000,0.000000,0.000000,0.000000,0.000000
0.000000,0.000000,0.000000,0.000000,0.000000,0.000000,0.000000,0.000000,0.000000,0.000000
0.000000,0.000000,0.000000,0.000000,0.000000,0.000000,0.000000,0.000000,0.000000,0.000000
0.000000,0.000000,0.000000,0.000000,0.000000,0.000000,0.000000,0.000000,0.000000,0.000000
0.000000,0.000000,0.000000,0.000000,0.000000,0.000000,0.000000,0.000000,0.000000,0.000000
0.000000,0.000000,0.000000,0.000000,0.000000,0.000000,0.000000,0.000000,0.000000,0.000000
0.000000,0.000000,0.000000,0.000000,0.000000,0.000000,0.000000,0.000000,0.000000,0.000000
0.000000,0.000000,0.000000,0.000000,0.000000,0.000000,0.000000,0.000000,0.000000,0.000000
0.000000,0.000000,0.000000,0.000000,0.000000,0.000000,0.000000,0.000000,0.000000,0.000000
0.000000,0.000000,0.000000,0.000000,0.000000,0.000000,0.000000,0.000000,0.000000,0.000000
0.000000,0.000000,0.000000,0.000000,0.000000,0.000000,0.000000,0.000000,0.000000,0.000000
0.000000,0.000000,0.000000,0.000000,0.000000,0.000000,0.000000,0.000000,0.000000,0.000000
0.000000,0.000000,0.000000,0.000000,0.000000,0.000000,0.000000,0.000000,0.000000,0.000000
0.000000,0.000000,0.000000,0.000000,0.000000,0.000000,0.000000,0.000000,0.000000,0.000000
0.000000,0.000000,0.000000,0.000000,0.000000,0.000000,0.000000,0.000000,0.000000,0.000000
0.000000,0.000000,0.000000,0.000000,0.000000,0.000000,0.000000,0.000000,0.000000,0.000000
0.000000,0.000000,0.000000,0.000000,0.000000,0.000000,0.000000,0.000000,0.000000,0.000000
0.000000,0.000000,0.000000,0.000000,0.000000,0.000000,0.000000,0.000000,0.000000,0.000000
0.000000,0.000000,0.000000,0.000000,0.000000,0.000000,0.000000,0.000000,0.000000,0.000000
0.000000,0.000000,0.000000,0.000000,0.000000,0.000000,0.000000,0.000000,0.000000,0.000000
0.000000,0.000000,0.000000,0.000000,0.000000,0.000000,0.000000,0.000000,0.000000,0.000000
0.000000,0.000000,0.000000,0.000000,0.000000,0.000000,0.000000,0.000000,0.000000,0.000000
0.000000,0.000000,0.000000,0.000000,0.000000,0.000000,0.000000,0.000000,0.000000,0.000000
0.000000,0.000000,0.000000,0.000000,0.000000,0.000000,0.000000,0.000000,0.000000,0.000000
0.000000,0.000000,0.000000,0.000000,0.000000,0.000000,0.000000,0.000000,0.000000,0.000000
0.000000,0.000000,0.000000,0.000000,0.000000,0.000000,0.000000,0.000000,0.000000,0.000000
0.000000,0.000000,0.000000,0.000000,0.000000,0.000000,0.000000,0.000000,0.000000,0.000000
0.000000,0.000000,0.000000,0.000000,0.000000,0.000000,0.000000,0.000000,0.000000,0.000000
0.000000,0.000000,0.000000,0.000000,0.000000,0.000000,0.000000,0.000000,0.000000,0.000000
0.000000,0.000000,0.000000,0.000000,0.000000,0.000000,0.000000,0.000000,0.000000,0.000000
0.000000,0.000000,0.000000,0.000000,0.000000,0.000000,0.000000,0.000000,0.000000,0.000000
0.000000,0.000000,0.000000,0.000000,0.000000,0.000000,0.000000,0.000000,0.000000,0.000000
0.000000,0.000000,0.000000,0.000000,0.000000,0.000000,0.000000,0.000000,0.000000,0.000000
0.000000,0.000000,0.000000,0.000000,0.000000,0.000000,0.000000,0.000000,0.000000,0.000000
0.000000,0.000000,0.000000,0.000000,0.000000,0.000000,0.000000,0.000000,0.000000,0.000000
0.000000,0.000000,0.000000,0.000000,0.000000,0.000000,0.000000,0.000000,0.000000,0.000000
0.000000,0.000000,0.000000,0.000000,0.000000,0.000000,0.000000,0.000000,0.000000,0.000000
0.000000,0.000000,0.000000,0.000000,0.000000,0.000000,0.000000,0.000000,0.000000,0.000000
0.000000,0.000000,0.000000,0.000000,0.000000,0.000000,0.000000,0.000000,0.000000,0.000000
0.000000,0.000000,0.000000,0.000000,0.000000,0.000000,0.000000,0.000000,0.000000,0.000000
0.000000,0.000000,0.000000,0.000000,0.000000,0.000000,0.000000,0.000000,0.000000,0.000000
0.000000,0.000000,0.000000,0.000000,0.000000,0.000000,0.000000,0.000000,0.000000,0.000000
0.000000,0.000000,0.000000,0.000000,0.000000,0.000000,0.000000,0.000000,0.000000,0.000000
0.000000,0.000000,0.000000,0.000000,0.000000,0.000000,0.000000,0.000000,0.000000,0.000000
0.000000,0.000000,0.000000,0.000000,0.000000,0.000000,0.000000,0.000000,0.000000,0.000000
0.000000,0.000000,0.000000,0.000000,0.000000,0.000000,0.000000,0.000000,0.000000,0.000000
0.000000,0.000000,0.000000,0.000000,0.000000,0.000000,0.000000,0.000000,0.000000,0.000000
0.000000,0.000000,0.000000,0.000000,0.000000,0.000000,0.000000,0.000000,0.000000,0.000000
0.000000,0.000000,0.000000,0.000000,0.000000,0.000000,0.000000,0.000000,0.000000,0.000000
0.000000,0.000000,0.000000,0.000000,0.000000,0.000000,0.000000,0.000000,0.000000,0.000000
0.000000,0.000000,0.000000,0.000000,0.000000,0.000000,0.000000,0.000000,0.000000,0.000000
0.000000,0.000000,0.000000,0.000000,0.000000,0.000000,0.000000,0.000000,0.000000,0.000000
0.000000,0.000000,0.000000,0.000000,0.000000,0.000000,0.000000,0.000000,0.000000,0.000000
0.000000,0.000000,0.000000,0.000000,0.000000,0.000000,0.000000,0.000000,0.000000,0.000000
0.000000,0.000000,0.000000,0.000000,0.000000,0.000000,0.000000,0.000000,0.000000,0.000000
0.000000,0.000000,0.000000,0.000000,0.000000,0.000000,0.000000,0.000000,0.000000,0.000000
0.000000,0.000000,0.000000,0.000000,0.000000,0.000000,0.000000,0.000000,0.000000,0.000000
0.000000,0.000000,0.000000,0.000000,0.000000,0.000000,0.000000,0.000000,0.000000,0.000000
0.000000,0.000000,0.000000,0.000000,0.000000,0.000000,0.000000,0.000000,0.000000,0.000000
0.000000,0.000000,0.000000,0.000000,0.000000,0.000000,0.000000,0.000000,0.000000,0.000000
0.000000,0.000000,0.000000,0.000000,0.000000,0.000000,0.000000,0.000000,0.000000,0.000000
0.000000,0.000000,0.000000,0.000000,0.000000,0.000000,0.000000,0.000000,0.000000,0.000000
0.000000,0.000000,0.000000,0.000000,0.000000,0.000000,0.000000,0.000000,0.000000,0.000000
0.000000,0.000000,0.000000,0.000000,0.000000,0.000000,0.000000,0.000000,0.000000,0.000000
0.000000,0.000000,0.000000,0.000000,0.000000,0.000000,0.000000,0.000000,0.000000,0.000000
0.000000,0.000000,0.000000,0.000000,0.000000,0.000000,0.000000,0.000000,0.000000,0.000000
0.000000,0.000000,0.000000,0.000000,0.000000,0.000000,0.000000,0.000000,0.000000,0.000000
0.000000,0.000000,0.000000,0.000000,0.000000,0.000000,0.000000,0.000000,0.000000,0.000000
0.000000,0.000000,0.000000,0.000000,0.000000,0.000000,0.000000,0.000000,0.000000,0.000000
0.000000,0.000000,0.000000,0.000000,0.000000,0.000000,0.000000,0.000000,0.000000,0.000000
0.000000,0.000000,0.000000,0.000000,0.000000,0.000000,0.000000,0.000000,0.000000,0.000000
0.000000,0.000000,0.000000,0.000000,0.000000,0.000000,0.000000,0.000000,0.000000,0.000000
0.000000,0.000000,0.000000,0.000000,0.000000,0.000000,0.000000,0.000000,0.000000,0.000000
0.000000,0.000000,0.000000,0.000000,0.000000,0.000000,0.000000,0.000000,0.000000,0.000000
0.000000,0.000000,0.000000,0.000000,0.000000,0.000000,0.000000,0.000000,0.000000,0.000000
0.000000,0.000000,0.000000,0.000000,0.000000,0.000000,0.000000,0.000000,0.000000,0.000000
0.000000,0.000000,0.000000,0.000000,0.000000,0.000000,0.000000,0.000000,0.000000,0.000000
0.000000,0.000000,0.000000,0.000000,0.000000,0.000000,0.000000,0.000000,0.000000,0.000000
0.000000,0.000000,0.000000,0.000000,0.000000,0.000000,0.000000,0.000000,0.000000,0.000000
0.000000,0.000000,0.000000,0.000000,0.000000,0.000000,0.000000,0.000000,0.000000,0.000000
0.000000,0.000000,0.000000,0.000000,0.000000,0.000000,0.000000,0.000000,0.000000,0.000000
0.000000,0.000000,0.000000,0.000000,0.000000,0.000000,0.000000,0.000000,0.000000,0.000000
0.000000,0.000000,0.000000,0.000000,0.000000,0.000000,0.000000,0.000000,0.000000,0.000000
0.000000,0.000000,0.000000,0.000000,0.000000,0.000000,0.000000,0.000000,0.000000,0.000000
0.000000,0.000000,0.000000,0.000000,0.000000,0.000000,0.000000,0.000000,0.000000,0.000000
0.000000,0.000000,0.000000,0.000000,0.000000,0.000000,0.000000,0.000000,0.000000,0.000000
0.000000,0.000000,0.000000,0.000000,0.000000,0.000000,0.000000,0.000000,0.000000,0.000000
0.000000,0.000000,0.000000,0.000000,0.000000,0.000000,0.000000,0.000000,0.000000,0.000000
0.000000,0.000000,0.000000,0.000000,0.000000,0.000000,0.000000,0.000000,0.000000,0.000000
0.000000,0.000000,0.000000,0.000000,0.000000,0.000000,0.000000,0.000000,0.000000,0.000000
0.000000,0.000000,0.000000,0.000000,0.000000,0.000000,0.000000,0.000000,0.000000,0.000000
0.000000,0.000000,0.000000,0.000000,0.000000,0.000000,0.000000,0.000000,0.000000,0.000000
0.000000,0.000000,0.000000,0.000000,0.000000,0.000000,0.000000,0.000000,0.000000,0.000000
0.000000,0.000000,0.000000,0.000000,0.000000,0.000000,0.000000,0.000000,0.000000,0.000000
0.000000,0.000000,0.000000,0.000000,0.000000,0.000000,0.000000,0.000000,0.000000,0.000000
0.000000,0.000000,0.000000,0.000000,0.000000,0.000000,0.000000,0.000000,0.000000,0.000000
0.000000,0.000000,0.000000,0.000000,0.000000,0.000000,0.000000,0.000000,0.000000,0.000000
0.000000,0.000000,0.000000,0.000000,0.000000,0.000000,0.000000,0.000000,0.000000,0.000000
0.000000,0.000000,0.000000,0.000000,0.000000,0.000000,0.000000,0.000000,0.000000,0.000000
0.000000,0.000000,0.000000,0.000000,0.000000,0.000000,0.000000,0.000000,0.000000,0.000000
0.000000,0.000000,0.000000,0.000000,0.000000,0.000000,0.000000,0.000000,0.000000,0.000000
0.000000,0.000000,0.000000,0.000000,0.000000,0.000000,0.000000,0.000000,0.000000,0.000000
0.000000,0.000000,0.000000,0.000000,0.000000,0.000000,0.000000,0.000000,0.000000,0.000000
0.000000,0.000000,0.000000,0.000000,0.000000,0.000000,0.000000,0.000000,0.000000,0.000000
0.000000,0.000000,0.000000,0.000000,0.000000,0.000000,0.000000,0.000000,0.000000,0.000000
0.000000,0.000000,0.000000,0.000000,0.000000,0.000000,0.000000,0.000000,0.000000,0.000000
0.000000,0.000000,0.000000,0.000000,0.000000,0.000000,0.000000,0.000000,0.000000,0.000000
0.000000,0.000000,0.000000,0.000000,0.000000,0.000000,0.000000,0.000000,0.000000,0.000000
0.000000,0.000000,0.000000,0.000000,0.000000,0.000000,0.000000,0.000000,0.000000,0.000000
0.000000,0.000000,0.000000,0.000000,0.000000,0.000000,0.000000,0.000000,0.000000,0.000000
0.000000,0.000000,0.000000,0.000000,0.000000,0.000000,0.000000,0.000000,0.000000,0.000000
0.000000,0.000000,0.000000,0.000000,0.000000,0.000000,0.000000,0.000000,0.000000,0.000000
0.000000,0.000000,0.000000,0.000000,0.000000,0.000000,0.000000,0.000000,0.000000,0.000000
0.000000,0.000000,0.000000,0.000000,0.000000,0.000000,0.000000,0.000000,0.000000,0.000000
0.000000,0.000000,0.000000,0.000000,0.000000,0.000000,0.000000,0.000000,0.000000,0.000000
0.000000,0.000000,0.000000,0.000000,0.000000,0.000000,0.000000,0.000000,0.000000,0.000000
0.000000,0.000000,0.000000,0.000000,0.000000,0.000000,0.000000,0.000000,0.000000,0.000000
0.000000,0.000000,0.000000,0.000000,0.000000,0.000000,0.000000,0.000000,0.000000,0.000000
0.000000,0.000000,0.000000,0.000000,0.000000,0.000000,0.000000,0.000000,0.000000,0.000000
0.000000,0.000000,0.000000,0.000000,0.000000,0.000000,0.000000,0.000000,0.000000,0.000000
0.000000,0.000000,0.000000,0.000000,0.000000,0.000000,0.000000,0.000000,0.000000,0.000000
0.000000,0.000000,0.000000,0.000000,0.000000,0.000000,0.000000,0.000000,0.000000,0.000000
0.000000,0.000000,0.000000,0.000000,0.000000,0.000000,0.000000,0.000000,0.000000,0.000000
0.000000,0.000000,0.000000,0.000000,0.000000,0.000000,0.000000,0.000000,0.000000,0.000000
0.000000,0.000000,0.000000,0.000000,0.000000,0.000000,0.000000,0.000000,0.000000,0.000000
0.000000,0.000000,0.000000,0.000000,0.000000,0.000000,0.000000,0.000000,0.000000,0.000000
0.000000,0.000000,0.000000,0.000000,0.000000,0.000000,0.000000,0.000000,0.000000,0.000000
0.000000,0.000000,0.000000,0.000000,0.000000,0.000000,0.000000,0.000000,0.000000,0.000000
0.000000,0.000000,0.000000,0.000000,0.000000,0.000000,0.000000,0.000000,0.000000,0.000000
0.000000,0.000000,0.000000,0.000000,0.000000,0.000000,0.000000,0.000000,0.000000,0.000000
0.000000,0.000000,0.000000,0.000000,0.000000,0.000000,0.000000,0.000000,0.000000,0.000000
0.000000,0.000000,0.000000,0.000000,0.000000,0.000000,0.000000,0.000000,0.000000,0.000000
0.000000,0.000000,0.000000,0.000000,0.000000,0.000000,0.000000,0.000000,0.000000,0.000000
0.000000,0.000000,0.000000,0.000000,0.000000,0.000000,0.000000,0.000000,0.000000,0.000000
0.000000,0.000000,0.000000,0.000000,0.000000,0.000000,0.000000,0.000000,0.000000,0.000000
0.000000,0.000000,0.000000,0.000000,0.000000,0.000000,0.000000,0.000000,0.000000,0.000000
0.000000,0.000000,0.000000,0.000000,0.000000,0.000000,0.000000,0.000000,0.000000,0.000000
0.000000,0.000000,0.000000,0.000000,0.000000,0.000000,0.000000,0.000000,0.000000,0.000000
0.000000,0.000000,0.000000,0.000000,0.000000,0.000000,0.000000,0.000000,0.000000,0.000000
0.000000,0.000000,0.000000,0.000000,0.000000,0.000000,0.000000,0.000000,0.000000,0.000000
0.000000,0.000000,0.000000,0.000000,0.000000,0.000000,0.000000,0.000000,0.000000,0.000000
0.000000,0.000000,0.000000,0.000000,0.000000,0.000000,0.000000,0.000000,0.000000,0.000000
0.000000,0.000000,0.000000,0.000000,0.000000,0.000000,0.000000,0.000000,0.000000,0.000000
0.000000,0.000000,0.000000,0.000000,0.000000,0.000000,0.000000,0.000000,0.000000,0.000000
0.000000,0.000000,0.000000,0.000000,0.000000,0.000000,0.000000,0.000000,0.000000,0.000000
0.000000,0.000000,0.000000,0.000000,0.000000,0.000000,0.000000,0.000000,0.000000,0.000000
0.000000,0.000000,0.000000,0.000000,0.000000,0.000000,0.000000,0.000000,0.000000,0.000000
0.000000,0.000000,0.000000,0.000000,0.000000,0.000000,0.000000,0.000000,0.000000,0.000000
0.000000,0.000000,0.000000,0.000000,0.000000,0.000000,0.000000,0.000000,0.000000,0.000000
0.000000,0.000000,0.000000,0.000000,0.000000,0.000000,0.000000,0.000000,0.000000,0.000000
0.000000,0.000000,0.000000,0.000000,0.000000,0.000000,0.000000,0.000000,0.000000,0.000000
0.000000,0.000000,0.000000,0.000000,0.000000,32.000000,0.000000,0.000000,0.000000,0.000000
0.000000,0.000000,0.000000,0.000000,0.000000,60.000000,0.000000,0.000000,0.000000,0.000000
0.000000,0.000000,0.000000,0.000000,0.000000,60.000000,0.000000,0.000000,0.000000,0.000000
0.000000,0.000000,0.000000,0.000000,0.000000,60.000000,0.000000,0.000000,0.000000,0.000000
0.005604,0.000000,0.000000,-0.005604,5.603578,60.000000,0.000000,0.000000,0.000000,0.000000
0.005604,0.000000,0.000000,-0.005604,0.000000,60.000000,0.000000,0.000000,0.000000,0.000000
0.005604,0.000000,0.000000,-0.005604,0.000000,60.000000,0.000000,0.000000,0.000000,0.000000
0.005604,0.000000,0.000000,-0.005604,0.000000,60.000000,0.000000,0.000000,0.000000,0.000000
0.011207,0.000000,0.000000,-0.011207,5.603578,60.000000,0.000000,0.000000,0.000000,0.000000
0.011207,0.000000,0.000000,-0.011207,0.000000,60.000000,0.000000,0.000000,0.000000,0.000000
0.011207,0.000000,0.000000,-0.011207,0.000000,60.000000,0.000000,0.000000,0.000000,0.000000
0.016811,0.000000,0.000000,-0.016811,5.603578,60.000000,0.000000,0.000000,0.000000,0.000000
0.016811,0.000000,0.000000,-0.016811,0.000000,60.000000,0.000000,0.000000,0.000000,0.000000
0.022414,0.000000,0.000000,-0.022414,5.603578,60.000000,0.000000,0.000000,0.000000,0.000000
0.022414,0.000000,0.000000,-0.022414,0.000000,60.000000,0.000000,0.000000,0.000000,0.000000
0.028018,0.000000,0.000000,-0.028018,5.603580,60.000000,0.000000,0.000000,0.000000,0.000000
0.028018,0.000000,0.000000,-0.028018,0.000000,60.000000,0.000000,0.000000,0.000000,0.000000
0.033621,0.000000,0.000000,-0.033621,5.603576,60.000000,0.000000,0.000000,0.000000,0.000000
0.033621,0.000000,0.000000,-0.033621,0.000000,60.000000,0.000000,0.000000,0.000000,0.000000
0.039225,0.000000,0.000000,-0.039225,5.603578,60.000000,0.000000,0.000000,0.000000,0.000000
0.044829,0.000000,0.000000,-0.044829,5.603578,60.000000,0.000000,0.000000,0.000000,0.000000
0.044829,0.000000,0.000000,-0.044829,0.000000,60.000000,0.000000,0.000000,0.000000,0.000000
0.050432,0.000000,0.000000,-0.050432,5.603581,60.000000,0.000000,0.000000,0.000000,0.000000
0.056036,0.000000,0.000000,-0.056036,5.603578,60.000000,0.000000,0.000000,0.000000,0.000000
0.061639,0.000000,0.000000,-0.061639,5.603574,60.000000,0.000000,0.000000,0.000000,0.000000
0.067243,0.000000,0.000000,-0.067243,5.603578,60.000000,0.000000,0.000000,0.000000,0.000000
0.067243,0.000000,0.000000,-0.067243,0.000000,60.000000,0.000000,0.000000,0.000000,0.000000
0.072847,0.000000,0.000000,-0.072847,5.603581,60.000000,0.000000,0.000000,0.000000,0.000000
0.078450,0.000000,0.000000,-0.078450,5.603574,60.000000,0.000000,0.000000,0.000000,0.000000
0.084054,0.000000,0.000000,-0.084054,5.603581,60.000000,0.000000,0.000000,0.000000,0.000000
0.089657,0.000000,0.000000,-0.089657,5.603574,60.000000,0.000000,0.000000,0.000000,0.000000
0.095261,0.000000,0.000000,-0.095261,5.603581,60.000000,0.000000,0.000000,0.000000,0.000000
0.100864,0.000000,0.000000,-0.100864,5.603581,60.000000,0.000000,0.000000,0.000000,0.000000
0.112072,0.000000,0.000000,-0.112072,11.207155,60.000000,0.000000,0.000000,0.000000,0.000000
0.117675,0.000000,0.000000,-0.117675,5.603574,60.000000,0.000000,0.000000,0.000000,0.000000
0.123279,0.000000,0.000000,-0.123279,5.603574,60.000000,0.000000,0.000000,0.000000,0.000000
0.128882,0.000000,0.000000,-0.128882,5.603589,60.000000,0.000000,0.000000,0.000000,0.000000
0.134486,0.000000,0.000000,-0.134486,5.603567,60.000000,0.000000,0.000000,0.000000,0.000000
0.140089,0.000000,0.000000,-0.140089,5.603581,60.000000,0.000000,0.000000,0.000000,0.000000
0.151297,0.000000,0.000000,-0.151297,11.207163,60.000000,0.000000,0.000000,0.000000,0.000000
0.156900,0.000000,0.000000,-0.156900,5.603567,60.000000,0.000000,0.000000,0.000000,0.000000
0.162504,0.000000,0.000000,-0.162504,5.603596,60.000000,0.000000,0.000000,0.000000,0.000000
0.173711,0.000000,0.000000,-0.173711,11.207148,60.000000,0.000000,0.000000,0.000000,0.000000
0.179314,0.000000,0.000000,-0.179314,5.603567,60.000000,0.000000,0.000000,0.000000,0.000000
0.190522,0.000000,0.000000,-0.190522,11.207163,60.000000,0.000000,0.000000,0.000000,0.000000
0.196125,0.000000,0.000000,-0.196125,5.603567,60.000000,0.000000,0.000000,0.000000,0.000000
0.207332,0.000000,0.000000,-0.207332,11.207163,60.000000,0.000000,0.000000,0.000000,0.000000
0.212936,0.000000,0.000000,-0.212936,5.603581,60.000000,0.000000,0.000000,0.000000,0.000000
0.224143,0.000000,0.000000,-0.224143,11.207163,60.000000,0.000000,0.000000,0.000000,0.000000
0.229747,0.000000,0.000000,-0.229747,5.603567,60.000000,0.000000,0.000000,0.000000,0.000000
0.240954,0.000000,0.000000,-0.240954,11.207163,60.000000,0.000000,0.000000,0.000000,0.000000
0.252161,0.000000,0.000000,-0.252161,11.207163,60.000000,0.000000,0.000000,0.000000,0.000000
0.257765,0.000000,0.000000,-0.257765,5.603581,60.000000,0.000000,0.000000,0.000000,0.000000
0.268972,0.000000,0.000000,-0.268972,11.207133,60.000000,0.000000,0.000000,0.000000,0.000000
0.280179,0.000000,0.000000,-0.280179,11.207163,60.000000,0.000000,0.000000,0.000000,0.000000
0.291386,0.000000,0.000000,-0.291386,11.207163,60.000000,0.000000,0.000000,0.000000,0.000000
0.302593,0.000000,0.000000,-0.302593,11.207163,60.000000,0.000000,0.000000,0.000000,0.000000
0.313800,0.000000,0.000000,-0.313800,11.207133,60.000000,0.000000,0.000000,0.000000,0.000000
0.319404,0.000000,0.000000,-0.319404,5.603581,60.000000,0.000000,0.000000,0.000000,0.000000
0.330611,0.000000,0.000000,-0.330611,11.207163,60.000000,0.000000,0.000000,0.000000,0.000000
0.341818,0.000000,0.000000,-0.341818,11.207163,60.000000,0.000000,0.000000,0.000000,0.000000
0.353025,0.000000,0.000000,-0.353025,11.207133,60.000000,0.000000,0.000000,0.000000,0.000000
0.364233,0.000000,0.000000,-0.364233,11.207192,60.000000,0.000000,0.000000,0.000000,0.000000
0.375440,0.000000,0.000000,-0.375440,11.207133,60.000000,0.000000,0.000000,0.000000,0.000000
0.386647,0.000000,0.000000,-0.386647,11.207163,60.000000,0.000000,0.000000,0.000000,0.000000
0.403458,0.000000,0.000000,-0.403458,16.810743,60.000000,0.000000,0.000000,0.000000,0.000000
0.414665,0.000000,0.000000,-0.414665,11.207133,60.000000,0.000000,0.000000,0.000000,0.000000
0.425872,0.000000,0.000000,-0.425872,11.207163,60.000000,0.000000,0.000000,0.000000,0.000000
0.437079,0.000000,0.000000,-0.437079,11.207163,60.000000,0.000000,0.000000,0.000000,0.000000
0.448286,0.000000,0.000000,-0.448286,11.207163,60.000000,0.000000,0.000000,0.000000,0.000000
0.459493,0.000000,0.000000,-0.459493,11.207133,60.000000,0.000000,0.000000,0.000000,0.000000
0.476304,0.000000,0.000000,-0.476304,16.810743,60.000000,0.000000,0.000000,0.000000,0.000000
0.487511,0.000000,0.000000,-0.487511,11.207163,60.000000,0.000000,0.000000,0.000000,0.000000
0.498718,0.000000,0.000000,-0.498718,11.207163,60.000000,0.000000,0.000000,0.000000,0.000000
0.515529,0.000000,0.000000,-0.515529,16.810743,60.000000,0.000000,0.000000,0.000000,0.000000
0.526736,0.000000,0.000000,-0.526736,11.207103,60.000000,0.000000,0.000000,0.000000,0.000000
0.543547,0.000000,0.000000,-0.543547,16.810774,60.000000,0.000000,0.000000,0.000000,0.000000
0.554754,0.000000,0.000000,-0.554754,11.207103,60.000000,0.000000,0.000000,0.000000,0.000000
0.565961,0.000000,0.000000,-0.565961,11.207163,60.000000,0.000000,0.000000,0.000000,0.000000
0.582772,0.000000,0.000000,-0.582772,16.810774,60.000000,0.000000,0.000000,0.000000,0.000000
0.593979,0.000000,0.000000,-0.593979,11.207163,60.000000,0.000000,0.000000,0.000000,0.000000
0.610790,0.000000,0.000000,-0.610790,16.810715,60.000000,0.000000,0.000000,0.000000,0.000000
0.627601,0.000000,0.000000,-0.627601,16.810715,60.000000,0.000000,0.000000,0.000000,0.000000
0.638808,0.000000,0.000000,-0.638808,11.207163,60.000000,0.000000,0.000000,0.000000,0.000000
0.655619,0.000000,0.000000,-0.655619,16.810774,60.000000,0.000000,0.000000,0.000000,0.000000
0.672429,0.000000,0.000000,-0.672429,16.810715,60.000000,0.000000,0.000000,0.000000,0.000000
0.683637,0.000000,0.000000,-0.683637,11.207163,60.000000,0.000000,0.000000,0.000000,0.000000
0.700447,0.000000,0.000000,-0.700447,16.810715,60.000000,0.000000,0.000000,0.000000,0.000000
0.717258,0.000000,0.000000,-0.717258,16.810715,60.000000,0.000000,0.000000,0.000000,0.000000
0.734069,0.000000,0.000000,-0.734069,16.810774,60.000000,0.000000,0.000000,0.000000,0.000000
0.750879,0.000000,0.000000,-0.750879,16.810715,60.000000,0.000000,0.000000,0.000000,0.000000
0.767690,0.000000,0.000000,-0.767690,16.810715,60.000000,0.000000,0.000000,0.000000,0.000000
0.784501,0.000000,0.000000,-0.784501,16.810715,60.000000,0.000000,0.000000,0.000000,0.000000
0.795708,0.000000,0.000000,-0.795708,11.207222,60.000000,0.000000,0.000000,0.000000,0.000000
0.812519,0.000000,0.000000,-0.812519,16.810715,60.000000,0.000000,0.000000,0.000000,0.000000
0.829330,0.000000,0.000000,-0.829330,16.810715,60.000000,0.000000,0.000000,0.000000,0.000000
0.846140,0.000000,0.000000,-0.846140,16.810715,60.000000,0.000000,0.000000,0.000000,0.000000
0.862951,0.000000,0.000000,-0.862951,16.810774,60.000000,0.000000,0.000000,0.000000,0.000000
0.879762,0.000000,0.000000,-0.879762,16.810774,60.000000,0.000000,0.000000,0.000000,0.000000
0.896573,0.000000,0.000000,-0.896573,16.810715,60.000000,0.000000,0.000000,0.000000,0.000000
0.918987,0.000000,0.000000,-0.918987,22.414267,60.000000,0.000000,0.000000,0.000000,0.000000
0.935798,0.000000,0.000000,-0.935798,16.810715,60.000000,0.000000,0.000000,0.000000,0.000000
0.952608,0.000000,0.000000,-0.952608,16.810774,60.000000,0.000000,0.000000,0.000000,0.000000
0.969419,0.000000,0.000000,-0.969419,16.810715,60.000000,0.000000,0.000000,0.000000,0.000000
0.986230,0.000000,0.000000,-0.986230,16.810715,60.000000,0.000000,0.000000,0.000000,0.000000
1.008644,0.000000,0.000000,-1.008644,22.414385,60.000000,0.000000,0.000000,0.000000,0.000000
1.025455,0.000000,0.000000,-1.025455,16.810774,60.000000,0.000000,0.000000,0.000000,0.000000
1.042266,0.000000,0.000000,-1.042266,16.810656,60.000000,0.000000,0.000000,0.000000,0.000000
1.064680,0.000000,0.000000,-1.064680,22.414326,60.000000,0.000000,0.000000,0.000000,0.000000
1.081491,0.000000,0.000000,-1.081491,16.810656,60.000000,0.000000,0.000000,0.000000,0.000000
1.098301,0.000000,0.000000,-1.098301,16.810774,60.000000,0.000000,0.000000,0.000000,0.000000
1.120716,0.000000,0.000000,-1.120716,22.414326,60.000000,0.000000,0.000000,0.000000,0.000000
1.137526,0.000000,0.000000,-1.137526,16.810774,60.000000,0.000000,0.000000,0.000000,0.000000
1.159941,0.000000,0.000000,-1.159941,22.414326,60.000000,0.000000,0.000000,0.000000,0.000000
2.213413,0.000000,0.000000,-2.213413,28.017757,60.000000,0.000000,0.000000,0.000000,0.000000
2.241431,0.000000,0.000000,-2.241431,28.017996,60.000000,0.000000,0.000000,0.000000,0.000000
2.263845,0.000000,0.000000,-2.263845,22.414206,60.000000,0.000000,0.000000,0.000000,0.000000
2.291864,0.000000,0.000000,-2.291864,28.018234,60.000000,0.000000,0.000000,0.000000,0.000000
2.319881,0.000000,0.000000,-2.319881,28.017757,60.000000,0.000000,0.000000,0.000000,0.000000
2.342296,0.000000,0.000000,-2.342296,22.414206,60.000000,0.000000,0.000000,0.000000,0.000000
2.370314,0.000000,0.000000,-2.370314,28.017996,60.000000,0.000000,0.000000,0.000000,0.000000
2.398331,0.000000,0.000000,-2.398331,28.017757,60.000000,0.000000,0.000000,0.000000,0.000000
2.426349,0.000000,0.000000,-2.426349,28.017996,60.000000,0.000000,0.000000,0.000000,0.000000
2.454367,0.000000,0.000000,-2.454367,28.017757,60.000000,0.000000,0.000000,0.000000,0.000000
2.482385,0.000000,0.000000,-2.482385,28.017996,60.000000,0.000000,0.000000,0.000000,0.000000
2.510403,0.000000,0.000000,-2.510403,28.017757,60.000000,0.000000,0.000000,0.000000,0.000000
2.538421,0.000000,0.000000,-2.538421,28.017996,60.000000,0.000000,0.000000,0.000000,0.000000
2.566439,0.000000,0.000000,-2.566439,28.017757,60.000000,0.000000,0.000000,0.000000,0.000000
2.594457,0.000000,0.000000,-2.594457,28.017996,60.000000,0.000000,0.000000,0.000000,0.000000
2.622475,0.000000,0.000000,-2.622475,28.017996,60.000000,0.000000,0.000000,0.000000,0.000000
2.650492,0.000000,0.000000,-2.650492,28.017757,60.000000,0.000000,0.000000,0.000000,0.000000
2.678510,0.000000,0.000000,-2.678510,28.017996,60.000000,0.000000,0.000000,0.000000,0.000000
2.706528,0.000000,0.000000,-2.706528,28.017757,60.000000,0.000000,0.000000,0.000000,0.000000
2.734546,0.000000,0.000000,-2.734546,28.017996,60.000000,0.000000,0.000000,0.000000,0.000000
2.762564,0.000000,0.000000,-2.762564,28.017757,60.000000,0.000000,0.000000,0.000000,0.000000
2.796185,0.000000,0.000000,-2.796185,33.621548,60.000000,0.000000,0.000000,0.000000,0.000000
2.824203,0.000000,0.000000,-2.824203,28.017757,60.000000,0.000000,0.000000,0.000000,0.000000
2.852221,0.000000,0.000000,-2.852221,28.017996,60.000000,0.000000,0.000000,0.000000,0.000000
2.885843,0.000000,0.000000,-2.885843,33.621548,60.000000,0.000000,0.000000,0.000000,0.000000
2.913861,0.000000,0.000000,-2.913861,28.017996,60.000000,0.000000,0.000000,0.000000,0.000000
2.941879,0.000000,0.000000,-2.941879,28.017757,60.000000,0.000000,0.000000,0.000000,0.000000
2.975500,0.000000,0.000000,-2.975500,33.621548,60.000000,0.000000,0.000000,0.000000,0.000000
3.003518,0.000000,0.000000,-3.003518,28.017757,60.000000,0.000000,0.000000,0.000000,0.000000
3.031536,0.000000,0.000000,-3.031536,28.017996,60.000000,0.000000,0.000000,0.000000,0.000000
3.065157,0.000000,0.000000,-3.065157,33.621311,60.000000,0.000000,0.000000,0.000000,0.000000
3.093175,0.000000,0.000000,-3.093175,28.017996,60.000000,0.000000,0.000000,0.000000,0.000000
3.126796,0.000000,0.000000,-3.126796,33.621311,60.000000,0.000000,0.000000,0.000000,0.000000
3.154814,0.000000,0.000000,-3.154814,28.017996,60.000000,0.000000,0.000000,0.000000,0.000000
3.188436,0.000000,0.000000,-3.188436,33.621548,60.000000,0.000000,0.000000,0.000000,0.000000
3.216454,0.000000,0.000000,-3.216454,28.017996,60.000000,0.000000,0.000000,0.000000,0.000000
3.250075,0.000000,0.000000,-3.250075,33.621311,60.000000,0.000000,0.000000,0.000000,0.000000
3.283697,0.000000,0.000000,-3.283697,33.621548,60.000000,0.000000,0.000000,0.000000,0.000000
3.311715,0.000000,0.000000,-3.311715,28.017757,60.000000,0.000000,0.000000,0.000000,0.000000
3.345336,0.000000,0.000000,-3.345336,33.621548,60.000000,0.000000,0.000000,0.000000,0.000000
3.378958,0.000000,0.000000,-3.378958,33.621311,60.000000,0.000000,0.000000,0.000000,0.000000
3.406976,0.000000,0.000000,-3.406976,28.017996,60.000000,0.000000,0.000000,0.000000,0.000000
3.440597,0.000000,0.000000,-3.440597,33.621311,60.000000,0.000000,0.000000,0.000000,0.000000
6.096693,0.000000,0.000000,-6.096693,39.225101,60.000000,0.000000,0.000000,0.000000,0.000000
6.141521,0.000000,0.000000,-6.141521,44.828411,60.000000,0.000000,0.000000,0.000000,0.000000
6.186350,0.000000,0.000000,-6.186350,44.828888,60.000000,0.000000,0.000000,0.000000,0.000000
6.225575,0.000000,0.000000,-6.225575,39.225101,60.000000,0.000000,0.000000,0.000000,0.000000
6.270404,0.000000,0.000000,-6.270404,44.828411,60.000000,0.000000,0.000000,0.000000,0.000000
6.315233,0.000000,0.000000,-6.315233,44.828888,60.000000,0.000000,0.000000,0.000000,0.000000
6.354457,0.000000,0.000000,-6.354457,39.224625,60.000000,0.000000,0.000000,0.000000,0.000000
6.399286,0.000000,0.000000,-6.399286,44.828888,60.000000,0.000000,0.000000,0.000000,0.000000
6.444115,0.000000,0.000000,-6.444115,44.828888,60.000000,0.000000,0.000000,0.000000,0.000000
6.488944,0.000000,0.000000,-6.488944,44.828411,60.000000,0.000000,0.000000,0.000000,0.000000
6.533772,0.000000,0.000000,-6.533772,44.828411,60.000000,0.000000,0.000000,0.000000,0.000000
6.572997,0.000000,0.000000,-6.572997,39.225101,60.000000,0.000000,0.000000,0.000000,0.000000
6.617826,0.000000,0.000000,-6.617826,44.828411,60.000000,0.000000,0.000000,0.000000,0.000000
6.662654,0.000000,0.000000,-6.662654,44.828888,60.000000,0.000000,0.000000,0.000000,0.000000
6.707483,0.000000,0.000000,-6.707483,44.828888,60.000000,0.000000,0.000000,0.000000,0.000000
6.752312,0.000000,0.000000,-6.752312,44.828411,60.000000,0.000000,0.000000,0.000000,0.000000
6.797141,0.000000,0.000000,-6.797141,44.828888,60.000000,0.000000,0.000000,0.000000,0.000000
6.841969,0.000000,0.000000,-6.841969,44.828411,60.000000,0.000000,0.000000,0.000000,0.000000
6.886797,0.000000,0.000000,-6.886797,44.828411,60.000000,0.000000,0.000000,0.000000,0.000000
6.931626,0.000000,0.000000,-6.931626,44.828888,60.000000,0.000000,0.000000,0.000000,0.000000
6.976455,0.000000,0.000000,-6.976455,44.828411,60.000000,0.000000,0.000000,0.000000,0.000000
7.021283,0.000000,0.000000,-7.021283,44.828411,60.000000,0.000000,0.000000,0.000000,0.000000
7.066112,0.000000,0.000000,-7.066112,44.828888,60.000000,0.000000,0.000000,0.000000,0.000000
7.116544,0.000000,0.000000,-7.116544,50.432201,60.000000,0.000000,0.000000,0.000000,0.000000
7.161373,0.000000,0.000000,-7.161373,44.828888,60.000000,0.000000,0.000000,0.000000,0.000000
7.206202,0.000000,0.000000,-7.206202,44.828411,60.000000,0.000000,0.000000,0.000000,0.000000
7.251030,0.000000,0.000000,-7.251030,44.828411,60.000000,0.000000,0.000000,0.000000,0.000000
7.295859,0.000000,0.000000,-7.295859,44.828888,60.000000,0.000000,0.000000,0.000000,0.000000
7.346291,0.000000,0.000000,-7.346291,50.432201,60.000000,0.000000,0.000000,0.000000,0.000000
7.391120,0.000000,0.000000,-7.391120,44.828888,60.000000,0.000000,0.000000,0.000000,0.000000
7.435948,0.000000,0.000000,-7.435948,44.828411,60.000000,0.000000,0.000000,0.000000,0.000000
7.486380,0.000000,0.000000,-7.486380,50.431725,60.000000,0.000000,0.000000,0.000000,0.000000
7.531209,0.000000,0.000000,-7.531209,44.828888,60.000000,0.000000,0.000000,0.000000,0.000000
7.576038,0.000000,0.000000,-7.576038,44.828888,60.000000,0.000000,0.000000,0.000000,0.000000
7.626470,0.000000,0.000000,-7.626470,50.431725,60.000000,0.000000,0.000000,0.000000,0.000000
7.671299,0.000000,0.000000,-7.671299,44.828888,60.000000,0.000000,0.000000,0.000000,0.000000
7.721731,0.000000,0.000000,-7.721731,50.432201,60.000000,0.000000,0.000000,0.000000,0.000000
7.766560,0.000000,0.000000,-7.766560,44.828888,60.000000,0.000000,0.000000,0.000000,0.000000
7.816991,0.000000,0.000000,-7.816991,50.431725,60.000000,0.000000,0.000000,0.000000,0.000000
7.861820,0.000000,0.000000,-7.861820,44.828411,60.000000,0.000000,0.000000,0.000000,0.000000
7.912252,0.000000,0.000000,-7.912252,50.432201,60.000000,0.000000,0.000000,0.000000,0.000000
7.957081,0.000000,0.000000,-7.957081,44.829365,60.000000,0.000000,0.000000,0.000000,0.000000
8.007513,0.000000,0.000000,-8.007513,50.431725,60.000000,0.000000,0.000000,0.000000,0.000000
11.548974,0.000000,0.000000,-11.548974,56.035038,60.000000,0.000000,0.000000,0.000000,0.000000
11.599406,0.000000,0.000000,-11.599406,50.432201,60.000000,0.000000,0.000000,0.000000,0.000000
11.655443,0.000000,0.000000,-11.655443,56.036945,60.000000,0.000000,0.000000,0.000000,0.000000
11.705874,0.000000,0.000000,-11.705874,50.431248,60.000000,0.000000,0.000000,0.000000,0.000000
11.761910,0.000000,0.000000,-11.761910,56.035992,60.000000,0.000000,0.000000,0.000000,0.000000
11.817946,0.000000,0.000000,-11.817946,56.035992,60.000000,0.000000,0.000000,0.000000,0.000000
11.868379,0.000000,0.000000,-11.868379,50.432201,60.000000,0.000000,0.000000,0.000000,0.000000
11.924415,0.000000,0.000000,-11.924415,56.035992,60.000000,0.000000,0.000000,0.000000,0.000000
11.980450,0.000000,0.000000,-11.980450,56.035038,60.000000,0.000000,0.000000,0.000000,0.000000
12.030882,0.000000,0.000000,-12.030882,50.432201,60.000000,0.000000,0.000000,0.000000,0.000000
12.086918,0.000000,0.000000,-12.086918,56.035992,60.000000,0.000000,0.000000,0.000000,0.000000
12.142954,0.000000,0.000000,-12.142954,56.035992,60.000000,0.000000,0.000000,0.000000,0.000000
12.193386,0.000000,0.000000,-12.193386,50.432201,60.000000,0.000000,0.000000,0.000000,0.000000
12.249422,0.000000,0.000000,-12.249422,56.035992,60.000000,0.000000,0.000000,0.000000,0.000000
12.305457,0.000000,0.000000,-12.305457,56.035038,60.000000,0.000000,0.000000,0.000000,0.000000
12.361494,0.000000,0.000000,-12.361494,56.036945,60.000000,0.000000,0.000000,0.000000,0.000000
12.417529,0.000000,0.000000,-12.417529,56.035038,60.000000,0.000000,0.000000,0.000000,0.000000
12.467961,0.000000,0.000000,-12.467961,50.432201,60.000000,0.000000,0.000000,0.000000,0.000000
12.523997,0.000000,0.000000,-12.523997,56.035992,60.000000,0.000000,0.000000,0.000000,0.000000
12.580032,0.000000,0.000000,-12.580032,56.035038,60.000000,0.000000,0.000000,0.000000,0.000000
12.636069,0.000000,0.000000,-12.636069,56.036945,60.000000,0.000000,0.000000,0.000000,0.000000
12.686501,0.000000,0.000000,-12.686501,50.431248,60.000000,0.000000,0.000000,0.000000,0.000000
12.742537,0.000000,0.000000,-12.742537,56.035992,60.000000,0.000000,0.000000,0.000000,0.000000
12.798573,0.000000,0.000000,-12.798573,56.035992,60.000000,0.000000,0.000000,0.000000,0.000000
12.854609,0.000000,0.000000,-12.854609,56.035992,60.000000,0.000000,0.000000,0.000000,0.000000
12.910645,0.000000,0.000000,-12.910645,56.035992,60.000000,0.000000,0.000000,0.000000,0.000000
12.966680,0.000000,0.000000,-12.966680,56.035038,60.000000,0.000000,0.000000,0.000000,0.000000
13.017112,0.000000,0.000000,-13.017112,50.432201,60.000000,0.000000,0.000000,0.000000,0.000000
13.073149,0.000000,0.000000,-13.073149,56.036945,60.000000,0.000000,0.000000,0.000000,0.000000
13.129184,0.000000,0.000000,-13.129184,56.035038,60.000000,0.000000,0.000000,0.000000,0.000000
13.185220,0.000000,0.000000,-13.185220,56.035992,60.000000,0.000000,0.000000,0.000000,0.000000
13.241255,0.000000,0.000000,-13.241255,56.035038,60.000000,0.000000,0.000000,0.000000,0.000000
13.297291,0.000000,0.000000,-13.297291,56.035992,60.000000,0.000000,0.000000,0.000000,0.000000
13.353327,0.000000,0.000000,-13.353327,56.035992,60.000000,0.000000,0.000000,0.000000,0.000000
13.409363,0.000000,0.000000,-13.409363,56.035992,60.000000,0.000000,0.000000,0.000000,0.000000
13.459795,0.000000,0.000000,-13.459795,50.432201,60.000000,0.000000,0.000000,0.000000,0.000000
13.515830,0.000000,0.000000,-13.515830,56.035038,60.000000,0.000000,0.000000,0.000000,0.000000
13.571867,0.000000,0.000000,-13.571867,56.036945,60.000000,0.000000,0.000000,0.000000,0.000000
13.627902,0.000000,0.000000,-13.627902,56.035038,60.000000,0.000000,0.000000,0.000000,0.000000
13.683938,0.000000,0.000000,-13.683938,56.035992,60.000000,0.000000,0.000000,0.000000,0.000000
13.739973,0.000000,0.000000,-13.739973,56.035038,60.000000,0.000000,0.000000,0.000000,0.000000
13.796009,0.000000,0.000000,-13.796009,56.035992,60.000000,0.000000,0.000000,0.000000,0.000000
13.852045,0.000000,0.000000,-13.852045,56.035992,60.000000,0.000000,0.000000,0.000000,0.000000
17.606443,0.000000,0.000000,-17.606443,56.035992,60.000000,0.000000,0.000000,0.000000,0.000000
17.662477,0.000000,0.000000,-17.662477,56.034084,60.000000,0.000000,0.000000,0.000000,0.000000
17.718513,0.000000,0.000000,-17.718513,56.035992,60.000000,0.000000,0.000000,0.000000,0.000000
17.780153,0.000000,0.000000,-17.780153,61.639782,60.000000,0.000000,0.000000,0.000000,0.000000
17.836189,0.000000,0.000000,-17.836189,56.035992,60.000000,0.000000,0.000000,0.000000,0.000000
17.892225,0.000000,0.000000,-17.892225,56.035992,60.000000,0.000000,0.000000,0.000000,0.000000
17.953865,0.000000,0.000000,-17.953865,61.639782,60.000000,0.000000,0.000000,0.000000,0.000000
18.009901,0.000000,0.000000,-18.009901,56.035992,60.000000,0.000000,0.000000,0.000000,0.000000
18.065935,0.000000,0.000000,-18.065935,56.034084,60.000000,0.000000,0.000000,0.000000,0.000000
18.127577,0.000000,0.000000,-18.127577,61.641689,60.000000,0.000000,0.000000,0.000000,0.000000
18.183611,0.000000,0.000000,-18.183611,56.034084,60.000000,0.000000,0.000000,0.000000,0.000000
18.239647,0.000000,0.000000,-18.239647,56.035992,60.000000,0.000000,0.000000,0.000000,0.000000
18.301285,0.000000,0.000000,-18.301285,61.637875,60.000000,0.000000,0.000000,0.000000,0.000000
18.357323,0.000000,0.000000,-18.357323,56.037899,60.000000,0.000000,0.000000,0.000000,0.000000
18.413359,0.000000,0.000000,-18.413359,56.035992,60.000000,0.000000,0.000000,0.000000,0.000000
18.474997,0.000000,0.000000,-18.474997,61.637875,60.000000,0.000000,0.000000,0.000000,0.000000
18.531033,0.000000,0.000000,-18.531033,56.035992,60.000000,0.000000,0.000000,0.000000,0.000000
18.587070,0.000000,0.000000,-18.587070,56.037899,60.000000,0.000000,0.000000,0.000000,0.000000
18.648708,0.000000,0.000000,-18.648708,61.637875,60.000000,0.000000,0.000000,0.000000,0.000000
18.704742,0.000000,0.000000,-18.704742,56.034084,60.000000,0.000000,0.000000,0.000000,0.000000
18.760778,0.000000,0.000000,-18.760778,56.035992,60.000000,0.000000,0.000000,0.000000,0.000000
18.822418,0.000000,0.000000,-18.822418,61.639782,60.000000,0.000000,0.000000,0.000000,0.000000
18.878454,0.000000,0.000000,-18.878454,56.035992,60.000000,0.000000,0.000000,0.000000,0.000000
18.940094,0.000000,0.000000,-18.940094,61.639782,60.000000,0.000000,0.000000,0.000000,0.000000
18.996130,0.000000,0.000000,-18.996130,56.035992,60.000000,0.000000,0.000000,0.000000,0.000000
19.052166,0.000000,0.000000,-19.052166,56.035992,60.000000,0.000000,0.000000,0.000000,0.000000
19.113806,0.000000,0.000000,-19.113806,61.639782,60.000000,0.000000,0.000000,0.000000,0.000000
19.169842,0.000000,0.000000,-19.169842,56.035992,60.000000,0.000000,0.000000,0.000000,0.000000
19.225878,0.000000,0.000000,-19.225878,56.035992,60.000000,0.000000,0.000000,0.000000,0.000000
19.287516,0.000000,0.000000,-19.287516,61.637875,60.000000,0.000000,0.000000,0.000000,0.000000
19.343552,0.000000,0.000000,-19.343552,56.035992,60.000000,0.000000,0.000000,0.000000,0.000000
19.405191,0.000000,0.000000,-19.405191,61.639782,60.000000,0.000000,0.000000,0.000000,0.000000
19.461226,0.000000,0.000000,-19.461226,56.034084,60.000000,0.000000,0.000000,0.000000,0.000000
19.517262,0.000000,0.000000,-19.517262,56.035992,60.000000,0.000000,0.000000,0.000000,0.000000
19.578901,0.000000,0.000000,-19.578901,61.639782,60.000000,0.000000,0.000000,0.000000,0.000000
19.634937,0.000000,0.000000,-19.634937,56.035992,60.000000,0.000000,0.000000,0.000000,0.000000
19.696577,0.000000,0.000000,-19.696577,61.639782,60.000000,0.000000,0.000000,0.000000,0.000000
19.752613,0.000000,0.000000,-19.752613,56.035992,60.000000,0.000000,0.000000,0.000000,0.000000
19.808649,0.000000,0.000000,-19.808649,56.035992,60.000000,0.000000,0.000000,0.000000,0.000000
19.870289,0.000000,0.000000,-19.870289,61.639782,60.000000,0.000000,0.000000,0.000000,0.000000
19.926325,0.000000,0.000000,-19.926325,56.035992,60.000000,0.000000,0.000000,0.000000,0.000000
19.987963,0.000000,0.000000,-19.987963,61.637875,60.000000,0.000000,0.000000,0.000000,0.000000
20.044001,0.000000,0.000000,-20.044001,56.037899,60.000000,0.000000,0.000000,0.000000,0.000000
25.871719,0.000000,0.000000,-25.871719,61.637875,60.000000,0.000000,0.000000,0.000000,0.000000
25.933359,0.000000,0.000000,-25.933359,61.639782,60.000000,0.000000,0.000000,0.000000,0.000000
25.989395,0.000000,0.000000,-25.989395,56.035992,60.000000,0.000000,0.000000,0.000000,0.000000
26.051035,0.000000,0.000000,-26.051035,61.639782,60.000000,0.000000,0.000000,0.000000,0.000000
26.107071,0.000000,0.000000,-26.107071,56.035992,60.000000,0.000000,0.000000,0.000000,0.000000
26.168711,0.000000,0.000000,-26.168711,61.639782,60.000000,0.000000,0.000000,0.000000,0.000000
26.224747,0.000000,0.000000,-26.224747,56.035992,60.000000,0.000000,0.000000,0.000000,0.000000
26.286385,0.000000,0.000000,-26.286385,61.637875,60.000000,0.000000,0.000000,0.000000,0.000000
26.342421,0.000000,0.000000,-26.342421,56.035992,60.000000,0.000000,0.000000,0.000000,0.000000
26.404060,0.000000,0.000000,-26.404060,61.639782,60.000000,0.000000,0.000000,0.000000,0.000000
26.465700,0.000000,0.000000,-26.465700,61.639782,60.000000,0.000000,0.000000,0.000000,0.000000
26.521736,0.000000,0.000000,-26.521736,56.035992,60.000000,0.000000,0.000000,0.000000,0.000000
26.583374,0.000000,0.000000,-26.583374,61.637875,60.000000,0.000000,0.000000,0.000000,0.000000
26.639412,0.000000,0.000000,-26.639412,56.037899,60.000000,0.000000,0.000000,0.000000,0.000000
26.701050,0.000000,0.000000,-26.701050,61.637875,60.000000,0.000000,0.000000,0.000000,0.000000
26.762690,0.000000,0.000000,-26.762690,61.639782,60.000000,0.000000,0.000000,0.000000,0.000000
26.818726,0.000000,0.000000,-26.818726,56.035992,60.000000,0.000000,0.000000,0.000000,0.000000
26.880365,0.000000,0.000000,-26.880365,61.639782,60.000000,0.000000,0.000000,0.000000,0.000000
26.936401,0.000000,0.000000,-26.936401,56.035992,60.000000,0.000000,0.000000,0.000000,0.000000
26.998039,0.000000,0.000000,-26.998039,61.637875,60.000000,0.000000,0.000000,0.000000,0.000000
27.054075,0.000000,0.000000,-27.054075,56.035992,60.000000,0.000000,0.000000,0.000000,0.000000
27.115715,0.000000,0.000000,-27.115715,61.639782,60.000000,0.000000,0.000000,0.000000,0.000000
27.177355,0.000000,0.000000,-27.177355,61.639782,60.000000,0.000000,0.000000,0.000000,0.000000
27.233391,0.000000,0.000000,-27.233391,56.035992,60.000000,0.000000,0.000000,0.000000,0.000000
27.295029,0.000000,0.000000,-27.295029,61.637875,60.000000,0.000000,0.000000,0.000000,0.000000
27.351065,0.000000,0.000000,-27.351065,56.035992,60.000000,0.000000,0.000000,0.000000,0.000000
27.412704,0.000000,0.000000,-27.412704,61.639782,60.000000,0.000000,0.000000,0.000000,0.000000
27.468740,0.000000,0.000000,-27.468740,56.035992,60.000000,0.000000,0.000000,0.000000,0.000000
27.530380,0.000000,0.000000,-27.530380,61.639782,60.000000,0.000000,0.000000,0.000000,0.000000
27.592018,0.000000,0.000000,-27.592018,61.637875,60.000000,0.000000,0.000000,0.000000,0.000000
27.648056,0.000000,0.000000,-27.648056,56.037899,60.000000,0.000000,0.000000,0.000000,0.000000
27.709694,0.000000,0.000000,-27.709694,61.637875,60.000000,0.000000,0.000000,0.000000,0.000000
27.771334,0.000000,0.000000,-27.771334,61.639782,60.000000,0.000000,0.000000,0.000000,0.000000
27.827370,0.000000,0.000000,-27.827370,56.035992,60.000000,0.000000,0.000000,0.000000,0.000000
27.889009,0.000000,0.000000,-27.889009,61.639782,60.000000,0.000000,0.000000,0.000000,0.000000
27.945045,0.000000,0.000000,-27.945045,56.035992,60.000000,0.000000,0.000000,0.000000,0.000000
28.006683,0.000000,0.000000,-28.006683,61.637875,60.000000,0.000000,0.000000,0.000000,0.000000
28.068323,0.000000,0.000000,-28.068323,61.639782,60.000000,0.000000,0.000000,0.000000,0.000000
28.124359,0.000000,0.000000,-28.124359,56.035992,60.000000,0.000000,0.000000,0.000000,0.000000
28.185999,0.000000,0.000000,-28.185999,61.639782,60.000000,0.000000,0.000000,0.000000,0.000000
28.242035,0.000000,0.000000,-28.242035,56.035992,60.000000,0.000000,0.000000,0.000000,0.000000
28.303673,0.000000,0.000000,-28.303673,61.637875,60.000000,0.000000,0.000000,0.000000,0.000000
28.365313,0.000000,0.000000,-28.365313,61.639782,60.000000,0.000000,0.000000,0.000000,0.000000
32.293423,0.000000,0.000000,-32.293423,61.641689,60.000000,0.000000,0.000000,0.000000,0.000000
32.355061,0.000000,0.000000,-32.355061,61.637875,60.000000,0.000000,0.000000,0.000000,0.000000
32.411095,0.000000,0.000000,-32.411095,56.034084,60.000000,0.000000,0.000000,0.000000,0.000000
32.472736,0.000000,0.000000,-32.472736,61.641689,60.000000,0.000000,0.000000,0.000000,0.000000
32.534374,0.000000,0.000000,-32.534374,61.637875,60.000000,0.000000,0.000000,0.000000,0.000000
32.590408,0.000000,0.000000,-32.590408,56.034084,60.000000,0.000000,0.000000,0.000000,0.000000
32.652050,0.000000,0.000000,-32.652050,61.641689,60.000000,0.000000,0.000000,0.000000,0.000000
32.713688,0.000000,0.000000,-32.713688,61.637875,60.000000,0.000000,0.000000,0.000000,0.000000
32.769726,0.000000,0.000000,-32.769726,56.037899,60.000000,0.000000,0.000000,0.000000,0.000000
32.831364,0.000000,0.000000,-32.831364,61.637875,60.000000,0.000000,0.000000,0.000000,0.000000
32.893002,0.000000,0.000000,-32.893002,61.637875,60.000000,0.000000,0.000000,0.000000,0.000000
32.949039,0.000000,0.000000,-32.949039,56.037899,60.000000,0.000000,0.000000,0.000000,0.000000
33.010681,0.000000,0.000000,-33.010681,61.641689,60.000000,0.000000,0.000000,0.000000,0.000000
33.072315,0.000000,0.000000,-33.072315,61.634060,60.000000,0.000000,0.000000,0.000000,0.000000
33.128353,0.000000,0.000000,-33.128353,56.037899,60.000000,0.000000,0.000000,0.000000,0.000000
33.189995,0.000000,0.000000,-33.189995,61.641689,60.000000,0.000000,0.000000,0.000000,0.000000
33.251633,0.000000,0.000000,-33.251633,61.637875,60.000000,0.000000,0.000000,0.000000,0.000000
33.307667,0.000000,0.000000,-33.307667,56.034084,60.000000,0.000000,0.000000,0.000000,0.000000
33.369308,0.000000,0.000000,-33.369308,61.641689,60.000000,0.000000,0.000000,0.000000,0.000000
33.430950,0.000000,0.000000,-33.430950,61.641689,60.000000,0.000000,0.000000,0.000000,0.000000
33.486980,0.000000,0.000000,-33.486980,56.030270,60.000000,0.000000,0.000000,0.000000,0.000000
33.548622,0.000000,0.000000,-33.548622,61.641689,60.000000,0.000000,0.000000,0.000000,0.000000
33.604660,0.000000,0.000000,-33.604660,56.037899,60.000000,0.000000,0.000000,0.000000,0.000000
33.666294,0.000000,0.000000,-33.666294,61.634060,60.000000,0.000000,0.000000,0.000000,0.000000
33.727936,0.000000,0.000000,-33.727936,61.641689,60.000000,0.000000,0.000000,0.000000,0.000000
33.789577,0.000000,0.000000,-33.789577,61.641689,60.000000,0.000000,0.000000,0.000000,0.000000
33.845612,0.000000,0.000000,-33.845612,56.034084,60.000000,0.000000,0.000000,0.000000,0.000000
33.907249,0.000000,0.000000,-33.907249,61.637875,60.000000,0.000000,0.000000,0.000000,0.000000
33.963287,0.000000,0.000000,-33.963287,56.037899,60.000000,0.000000,0.000000,0.000000,0.000000
34.024929,0.000000,0.000000,-34.024929,61.641689,60.000000,0.000000,0.000000,0.000000,0.000000
34.086567,0.000000,0.000000,-34.086567,61.637875,60.000000,0.000000,0.000000,0.000000,0.000000
34.142601,0.000000,0.000000,-34.142601,56.034084,60.000000,0.000000,0.000000,0.000000,0.000000
34.204243,0.000000,0.000000,-34.204243,61.641689,60.000000,0.000000,0.000000,0.000000,0.000000
34.265881,0.000000,0.000000,-34.265881,61.637875,60.000000,0.000000,0.000000,0.000000,0.000000
34.321915,0.000000,0.000000,-34.321915,56.034084,60.000000,0.000000,0.000000,0.000000,0.000000
34.383556,0.000000,0.000000,-34.383556,61.641689,60.000000,0.000000,0.000000,0.000000,0.000000
34.445194,0.000000,0.000000,-34.445194,61.637875,60.000000,0.000000,0.000000,0.000000,0.000000
34.501232,0.000000,0.000000,-34.501232,56.037899,60.000000,0.000000,0.000000,0.000000,0.000000
34.562870,0.000000,0.000000,-34.562870,61.637875,60.000000,0.000000,0.000000,0.000000,0.000000
34.624508,0.000000,0.000000,-34.624508,61.637875,60.000000,0.000000,0.000000,0.000000,0.000000
34.680546,0.000000,0.000000,-34.680546,56.037899,60.000000,0.000000,0.000000,0.000000,0.000000
34.742188,0.000000,0.000000,-34.742188,61.641689,60.000000,0.000000,0.000000,0.000000,0.000000
34.803822,0.000000,0.000000,-34.803822,61.634060,60.000000,0.000000,0.000000,0.000000,0.000000
38.989697,0.000000,0.000000,-38.989697,61.637875,60.000000,0.000000,0.000000,0.000000,0.000000
39.045734,0.000000,0.000000,-39.045734,56.037899,60.000000,0.000000,0.000000,0.000000,0.000000
39.107372,0.000000,0.000000,-39.107372,61.637875,60.000000,0.000000,0.000000,0.000000,0.000000
39.169014,0.000000,0.000000,-39.169014,61.641689,60.000000,0.000000,0.000000,0.000000,0.000000
39.230648,0.000000,0.000000,-39.230648,61.634060,60.000000,0.000000,0.000000,0.000000,0.000000
39.286686,0.000000,0.000000,-39.286686,56.037899,60.000000,0.000000,0.000000,0.000000,0.000000
39.348328,0.000000,0.000000,-39.348328,61.641689,60.000000,0.000000,0.000000,0.000000,0.000000
39.409966,0.000000,0.000000,-39.409966,61.637875,60.000000,0.000000,0.000000,0.000000,0.000000
39.466000,0.000000,0.000000,-39.466000,56.034084,60.000000,0.000000,0.000000,0.000000,0.000000
39.527641,0.000000,0.000000,-39.527641,61.641689,60.000000,0.000000,0.000000,0.000000,0.000000
39.589279,0.000000,0.000000,-39.589279,61.637875,60.000000,0.000000,0.000000,0.000000,0.000000
39.645313,0.000000,0.000000,-39.645313,56.034084,60.000000,0.000000,0.000000,0.000000,0.000000
39.706955,0.000000,0.000000,-39.706955,61.641689,60.000000,0.000000,0.000000,0.000000,0.000000
39.768593,0.000000,0.000000,-39.768593,61.637875,60.000000,0.000000,0.000000,0.000000,0.000000
39.830235,0.000000,0.000000,-39.830235,61.641689,60.000000,0.000000,0.000000,0.000000,0.000000
39.886269,0.000000,0.000000,-39.886269,56.034084,60.000000,0.000000,0.000000,0.000000,0.000000
39.947906,0.000000,0.000000,-39.947906,61.637875,60.000000,0.000000,0.000000,0.000000,0.000000
40.009548,0.000000,0.000000,-40.009548,61.641689,60.000000,0.000000,0.000000,0.000000,0.000000
40.065582,0.000000,0.000000,-40.065582,56.034084,60.000000,0.000000,0.000000,0.000000,0.000000
40.127220,0.000000,0.000000,-40.127220,61.637875,60.000000,0.000000,0.000000,0.000000,0.000000
40.188862,0.000000,0.000000,-40.188862,61.641689,60.000000,0.000000,0.000000,0.000000,0.000000
40.244900,0.000000,0.000000,-40.244900,56.037899,60.000000,0.000000,0.000000,0.000000,0.000000
40.306538,0.000000,0.000000,-40.306538,61.637875,60.000000,0.000000,0.000000,0.000000,0.000000
40.368176,0.000000,0.000000,-40.368176,61.637875,60.000000,0.000000,0.000000,0.000000,0.000000
40.424213,0.000000,0.000000,-40.424213,56.037899,60.000000,0.000000,0.000000,0.000000,0.000000
40.485855,0.000000,0.000000,-40.485855,61.641689,60.000000,0.000000,0.000000,0.000000,0.000000
40.547489,0.000000,0.000000,-40.547489,61.634060,60.000000,0.000000,0.000000,0.000000,0.000000
40.603527,0.000000,0.000000,-40.603527,56.037899,60.000000,0.000000,0.000000,0.000000,0.000000
40.665169,0.000000,0.000000,-40.665169,61.641689,60.000000,0.000000,0.000000,0.000000,0.000000
40.726807,0.000000,0.000000,-40.726807,61.637875,60.000000,0.000000,0.000000,0.000000,0.000000
40.782841,0.000000,0.000000,-40.782841,56.034084,60.000000,0.000000,0.000000,0.000000,0.000000
40.844482,0.000000,0.000000,-40.844482,61.641689,60.000000,0.000000,0.000000,0.000000,0.000000
40.906120,0.000000,0.000000,-40.906120,61.637875,60.000000,0.000000,0.000000,0.000000,0.000000
40.967762,0.000000,0.000000,-40.967762,61.641689,60.000000,0.000000,0.000000,0.000000,0.000000
41.023796,0.000000,0.000000,-41.023796,56.034084,60.000000,0.000000,0.000000,0.000000,0.000000
41.085434,0.000000,0.000000,-41.085434,61.637875,60.000000,0.000000,0.000000,0.000000,0.000000
41.141472,0.000000,0.000000,-41.141472,56.037899,60.000000,0.000000,0.000000,0.000000,0.000000
41.203110,0.000000,0.000000,-41.203110,61.637875,60.000000,0.000000,0.000000,0.000000,0.000000
41.264748,0.000000,0.000000,-41.264748,61.637875,60.000000,0.000000,0.000000,0.000000,0.000000
41.326389,0.000000,0.000000,-41.326389,61.641689,60.000000,0.000000,0.000000,0.000000,0.000000
41.382427,0.000000,0.000000,-41.382427,56.037899,60.000000,0.000000,0.000000,0.000000,0.000000
41.444061,0.000000,0.000000,-41.444061,61.634060,60.000000,0.000000,0.000000,0.000000,0.000000
41.505703,0.000000,0.000000,-41.505703,61.641689,60.000000,0.000000,0.000000,0.000000,0.000000
45.820457,0.000000,0.000000,-45.820457,61.637875,60.000000,0.000000,0.000000,0.000000,0.000000
45.882099,0.000000,0.000000,-45.882099,61.641689,60.000000,0.000000,0.000000,0.000000,0.000000
45.938137,0.000000,0.000000,-45.938137,56.037899,60.000000,0.000000,0.000000,0.000000,0.000000
45.999771,0.000000,0.000000,-45.999771,61.634060,60.000000,0.000000,0.000000,0.000000,0.000000
46.061413,0.000000,0.000000,-46.061413,61.641689,60.000000,0.000000,0.000000,0.000000,0.000000
46.117451,0.000000,0.000000,-46.117451,56.037899,60.000000,0.000000,0.000000,0.000000,0.000000
46.179089,0.000000,0.000000,-46.179089,61.637875,60.000000,0.000000,0.000000,0.000000,0.000000
46.240726,0.000000,0.000000,-46.240726,61.637875,60.000000,0.000000,0.000000,0.000000,0.000000
46.302364,0.000000,0.000000,-46.302364,61.637875,60.000000,0.000000,0.000000,0.000000,0.000000
46.358402,0.000000,0.000000,-46.358402,56.037899,60.000000,0.000000,0.000000,0.000000,0.000000
46.420040,0.000000,0.000000,-46.420040,61.637875,60.000000,0.000000,0.000000,0.000000,0.000000
46.481678,0.000000,0.000000,-46.481678,61.637875,60.000000,0.000000,0.000000,0.000000,0.000000
46.537716,0.000000,0.000000,-46.537716,56.037899,60.000000,0.000000,0.000000,0.000000,0.000000
46.599358,0.000000,0.000000,-46.599358,61.641689,60.000000,0.000000,0.000000,0.000000,0.000000
46.660992,0.000000,0.000000,-46.660992,61.634060,60.000000,0.000000,0.000000,0.000000,0.000000
46.717030,0.000000,0.000000,-46.717030,56.037899,60.000000,0.000000,0.000000,0.000000,0.000000
46.778671,0.000000,0.000000,-46.778671,61.641689,60.000000,0.000000,0.000000,0.000000,0.000000
46.840309,0.000000,0.000000,-46.840309,61.637875,60.000000,0.000000,0.000000,0.000000,0.000000
46.901947,0.000000,0.000000,-46.901947,61.637875,60.000000,0.000000,0.000000,0.000000,0.000000
46.957985,0.000000,0.000000,-46.957985,56.037899,60.000000,0.000000,0.000000,0.000000,0.000000
47.019627,0.000000,0.000000,-47.019627,61.641689,60.000000,0.000000,0.000000,0.000000,0.000000
47.081264,0.000000,0.000000,-47.081264,61.637875,60.000000,0.000000,0.000000,0.000000,0.000000
47.137299,0.000000,0.000000,-47.137299,56.034084,60.000000,0.000000,0.000000,0.000000,0.000000
47.198940,0.000000,0.000000,-47.198940,61.641689,60.000000,0.000000,0.000000,0.000000,0.000000
47.260578,0.000000,0.000000,-47.260578,61.637875,60.000000,0.000000,0.000000,0.000000,0.000000
47.316612,0.000000,0.000000,-47.316612,56.034084,60.000000,0.000000,0.000000,0.000000,0.000000
47.378254,0.000000,0.000000,-47.378254,61.641689,60.000000,0.000000,0.000000,0.000000,0.000000
47.439892,0.000000,0.000000,-47.439892,61.637875,60.000000,0.000000,0.000000,0.000000,0.000000
47.501534,0.000000,0.000000,-47.501534,61.641689,60.000000,0.000000,0.000000,0.000000,0.000000
47.557568,0.000000,0.000000,-47.557568,56.034084,60.000000,0.000000,0.000000,0.000000,0.000000
47.619205,0.000000,0.000000,-47.619205,61.637875,60.000000,0.000000,0.000000,0.000000,0.000000
47.680847,0.000000,0.000000,-47.680847,61.641689,60.000000,0.000000,0.000000,0.000000,0.000000
47.736885,0.000000,0.000000,-47.736885,56.037899,60.000000,0.000000,0.000000,0.000000,0.000000
47.798519,0.000000,0.000000,-47.798519,61.634060,60.000000,0.000000,0.000000,0.000000,0.000000
47.860161,0.000000,0.000000,-47.860161,61.641689,60.000000,0.000000,0.000000,0.000000,0.000000
47.921799,0.000000,0.000000,-47.921799,61.637875,60.000000,0.000000,0.000000,0.000000,0.000000
47.977837,0.000000,0.000000,-47.977837,56.037899,60.000000,0.000000,0.000000,0.000000,0.000000
48.039474,0.000000,0.000000,-48.039474,61.637875,60.000000,0.000000,0.000000,0.000000,0.000000
48.101112,0.000000,0.000000,-48.101112,61.637875,60.000000,0.000000,0.000000,0.000000,0.000000
48.157150,0.000000,0.000000,-48.157150,56.037899,60.000000,0.000000,0.000000,0.000000,0.000000
48.218792,0.000000,0.000000,-48.218792,61.641689,60.000000,0.000000,0.000000,0.000000,0.000000
48.280426,0.000000,0.000000,-48.280426,61.634060,60.000000,0.000000,0.000000,0.000000,0.000000
48.336464,0.000000,0.000000,-48.336464,56.037899,60.000000,0.000000,0.000000,0.000000,0.000000
52.539150,0.000000,0.000000,-52.539150,56.037899,60.000000,0.000000,0.000000,0.000000,0.000000
52.600788,0.000000,0.000000,-52.600788,61.637875,60.000000,0.000000,0.000000,0.000000,0.000000
52.662426,0.000000,0.000000,-52.662426,61.637875,60.000000,0.000000,0.000000,0.000000,0.000000
52.718464,0.000000,0.000000,-52.718464,56.037899,60.000000,0.000000,0.000000,0.000000,0.000000
52.780102,0.000000,0.000000,-52.780102,61.637875,60.000000,0.000000,0.000000,0.000000,0.000000
52.841743,0.000000,0.000000,-52.841743,61.641689,60.000000,0.000000,0.000000,0.000000,0.000000
52.903381,0.000000,0.000000,-52.903381,61.637875,60.000000,0.000000,0.000000,0.000000,0.000000
52.959415,0.000000,0.000000,-52.959415,56.034084,60.000000,0.000000,0.000000,0.000000,0.000000
53.021057,0.000000,0.000000,-53.021057,61.641689,60.000000,0.000000,0.000000,0.000000,0.000000
53.082699,0.000000,0.000000,-53.082699,61.641689,60.000000,0.000000,0.000000,0.000000,0.000000
53.144333,0.000000,0.000000,-53.144333,61.634060,60.000000,0.000000,0.000000,0.000000,0.000000
53.200371,0.000000,0.000000,-53.200371,56.037899,60.000000,0.000000,0.000000,0.000000,0.000000
53.262012,0.000000,0.000000,-53.262012,61.641689,60.000000,0.000000,0.000000,0.000000,0.000000
53.323650,0.000000,0.000000,-53.323650,61.637875,60.000000,0.000000,0.000000,0.000000,0.000000
53.379684,0.000000,0.000000,-53.379684,56.034084,60.000000,0.000000,0.000000,0.000000,0.000000
53.441326,0.000000,0.000000,-53.441326,61.641689,60.000000,0.000000,0.000000,0.000000,0.000000
53.502964,0.000000,0.000000,-53.502964,61.637875,60.000000,0.000000,0.000000,0.000000,0.000000
53.558998,0.000000,0.000000,-53.558998,56.034084,60.000000,0.000000,0.000000,0.000000,0.000000
53.620640,0.000000,0.000000,-53.620640,61.641689,60.000000,0.000000,0.000000,0.000000,0.000000
53.682278,0.000000,0.000000,-53.682278,61.637875,60.000000,0.000000,0.000000,0.000000,0.000000
53.743919,0.000000,0.000000,-53.743919,61.641689,60.000000,0.000000,0.000000,0.000000,0.000000
53.799953,0.000000,0.000000,-53.799953,56.034084,60.000000,0.000000,0.000000,0.000000,0.000000
53.861591,0.000000,0.000000,-53.861591,61.637875,60.000000,0.000000,0.000000,0.000000,0.000000
53.923233,0.000000,0.000000,-53.923233,61.641689,60.000000,0.000000,0.000000,0.000000,0.000000
53.979267,0.000000,0.000000,-53.979267,56.034084,60.000000,0.000000,0.000000,0.000000,0.000000
54.040905,0.000000,0.000000,-54.040905,61.637875,60.000000,0.000000,0.000000,0.000000,0.000000
54.102547,0.000000,0.000000,-54.102547,61.641689,60.000000,0.000000,0.000000,0.000000,0.000000
54.164188,0.000000,0.000000,-54.164188,61.641689,60.000000,0.000000,0.000000,0.000000,0.000000
54.220219,0.000000,0.000000,-54.220219,56.030270,60.000000,0.000000,0.000000,0.000000,0.000000
54.281860,0.000000,0.000000,-54.281860,61.641689,60.000000,0.000000,0.000000,0.000000,0.000000
54.343502,0.000000,0.000000,-54.343502,61.641689,60.000000,0.000000,0.000000,0.000000,0.000000
54.399536,0.000000,0.000000,-54.399536,56.034084,60.000000,0.000000,0.000000,0.000000,0.000000
54.461174,0.000000,0.000000,-54.461174,61.637875,60.000000,0.000000,0.000000,0.000000,0.000000
54.522816,0.000000,0.000000,-54.522816,61.641689,60.000000,0.000000,0.000000,0.000000,0.000000
54.584454,0.000000,0.000000,-54.584454,61.637875,60.000000,0.000000,0.000000,0.000000,0.000000
54.640491,0.000000,0.000000,-54.640491,56.037899,60.000000,0.000000,0.000000,0.000000,0.000000
54.702129,0.000000,0.000000,-54.702129,61.637875,60.000000,0.000000,0.000000,0.000000,0.000000
54.763767,0.000000,0.000000,-54.763767,61.637875,60.000000,0.000000,0.000000,0.000000,0.000000
54.825409,0.000000,0.000000,-54.825409,61.641689,60.000000,0.000000,0.000000,0.000000,0.000000
54.881447,0.000000,0.000000,-54.881447,56.037899,60.000000,0.000000,0.000000,0.000000,0.000000
54.943081,0.000000,0.000000,-54.943081,61.634060,60.000000,0.000000,0.000000,0.000000,0.000000
55.004723,0.000000,0.000000,-55.004723,61.641689,60.000000,0.000000,0.000000,0.000000,0.000000
55.060760,0.000000,0.000000,-55.060760,56.037899,60.000000,0.000000,0.000000,0.000000,0.000000
59.330685,0.000000,0.000000,-59.330685,61.637875,60.000000,0.000000,0.000000,0.000000,0.000000
59.386719,0.000000,0.000000,-59.386719,56.034084,60.000000,0.000000,0.000000,0.000000,0.000000
59.448360,0.000000,0.000000,-59.448360,61.641689,60.000000,0.000000,0.000000,0.000000,0.000000
59.510002,0.000000,0.000000,-59.510002,61.641689,60.000000,0.000000,0.000000,0.000000,0.000000
59.566032,0.000000,0.000000,-59.566032,56.030270,60.000000,0.000000,0.000000,0.000000,0.000000
59.627674,0.000000,0.000000,-59.627674,61.641689,60.000000,0.000000,0.000000,0.000000,0.000000
59.689316,0.000000,0.000000,-59.689316,61.641689,60.000000,0.000000,0.000000,0.000000,0.000000
59.750954,0.000000,0.000000,-59.750954,61.637875,60.000000,0.000000,0.000000,0.000000,0.000000
59.806988,0.000000,0.000000,-59.806988,56.034084,60.000000,0.000000,0.000000,0.000000,0.000000
59.868629,0.000000,0.000000,-59.868629,61.641689,60.000000,0.000000,0.000000,0.000000,0.000000
59.930267,0.000000,0.000000,-59.930267,61.637875,60.000000,0.000000,0.000000,0.000000,0.000000
59.991909,0.000000,0.000000,-59.991909,61.641689,60.000000,0.000000,0.000000,0.000000,0.000000
60.047943,0.000000,0.000000,-60.047943,56.034084,60.000000,0.000000,0.000000,0.000000,0.000000
60.109581,0.000000,0.000000,-60.109581,61.637875,60.000000,0.000000,0.000000,0.000000,0.000000
60.171223,0.000000,0.000000,-60.171223,61.641689,60.000000,0.000000,0.000000,0.000000,0.000000
60.227261,0.000000,0.000000,-60.227261,56.037899,60.000000,0.000000,0.000000,0.000000,0.000000
60.288895,0.000000,0.000000,-60.288895,61.634060,60.000000,0.000000,0.000000,0.000000,0.000000
60.350536,0.000000,0.000000,-60.350536,61.641689,60.000000,0.000000,0.000000,0.000000,0.000000
60.412174,0.000000,0.000000,-60.412174,61.637875,60.000000,0.000000,0.000000,0.000000,0.000000
60.468212,0.000000,0.000000,-60.468212,56.037899,60.000000,0.000000,0.000000,0.000000,0.000000
60.529850,0.000000,0.000000,-60.529850,61.637875,60.000000,0.000000,0.000000,0.000000,0.000000
60.591488,0.000000,0.000000,-60.591488,61.637875,60.000000,0.000000,0.000000,0.000000,0.000000
60.653130,0.000000,0.000000,-60.653130,61.641689,60.000000,0.000000,0.000000,0.000000,0.000000
60.709167,0.000000,0.000000,-60.709167,56.037899,60.000000,0.000000,0.000000,0.000000,0.000000
60.770802,0.000000,0.000000,-60.770802,61.634060,60.000000,0.000000,0.000000,0.000000,0.000000
60.832443,0.000000,0.000000,-60.832443,61.641689,60.000000,0.000000,0.000000,0.000000,0.000000
60.888481,0.000000,0.000000,-60.888481,56.037899,60.000000,0.000000,0.000000,0.000000,0.000000
60.950123,0.000000,0.000000,-60.950123,61.641689,60.000000,0.000000,0.000000,0.000000,0.000000
61.011757,0.000000,0.000000,-61.011757,61.634060,60.000000,0.000000,0.000000,0.000000,0.000000
61.073399,0.000000,0.000000,-61.073399,61.641689,60.000000,0.000000,0.000000,0.000000,0.000000
61.129436,0.000000,0.000000,-61.129436,56.037899,60.000000,0.000000,0.000000,0.000000,0.000000
61.191074,0.000000,0.000000,-61.191074,61.637875,60.000000,0.000000,0.000000,0.000000,0.000000
61.252712,0.000000,0.000000,-61.252712,61.637875,60.000000,0.000000,0.000000,0.000000,0.000000
61.308750,0.000000,0.000000,-61.308750,56.037899,60.000000,0.000000,0.000000,0.000000,0.000000
61.370388,0.000000,0.000000,-61.370388,61.637875,60.000000,0.000000,0.000000,0.000000,0.000000
61.432030,0.000000,0.000000,-61.432030,61.641689,60.000000,0.000000,0.000000,0.000000,0.000000
61.493664,0.000000,0.000000,-61.493664,61.634060,60.000000,0.000000,0.000000,0.000000,0.000000
61.549702,0.000000,0.000000,-61.549702,56.037899,60.000000,0.000000,0.000000,0.000000,0.000000
61.611343,0.000000,0.000000,-61.611343,61.641689,60.000000,0.000000,0.000000,0.000000,0.000000
61.672981,0.000000,0.000000,-61.672981,61.637875,60.000000,0.000000,0.000000,0.000000,0.000000
61.729015,0.000000,0.000000,-61.729015,56.034084,60.000000,0.000000,0.000000,0.000000,0.000000
61.790657,0.000000,0.000000,-61.790657,61.641689,60.000000,0.000000,0.000000,0.000000,0.000000
61.852295,0.000000,0.000000,-61.852295,61.637875,60.000000,0.000000,0.000000,0.000000,0.000000
67.859329,0.000000,0.000000,-67.859329,61.637875,60.000000,0.000000,0.000000,0.000000,0.000000
67.915367,0.000000,0.000000,-67.915367,56.037899,60.000000,0.000000,0.000000,0.000000,0.000000
67.977005,0.000000,0.000000,-67.977005,61.637875,60.000000,0.000000,0.000000,0.000000,0.000000
68.038651,0.000000,0.000000,-68.038651,61.645504,60.000000,0.000000,0.000000,0.000000,0.000000
68.100288,0.000000,0.000000,-68.100288,61.637875,60.000000,0.000000,0.000000,0.000000,0.000000
68.156319,0.000000,0.000000,-68.156319,56.030270,60.000000,0.000000,0.000000,0.000000,0.000000
68.217964,0.000000,0.000000,-68.217964,61.645504,60.000000,0.000000,0.000000,0.000000,0.000000
68.279602,0.000000,0.000000,-68.279602,61.637875,60.000000,0.000000,0.000000,0.000000,0.000000
68.341232,0.000000,0.000000,-68.341232,61.630245,60.000000,0.000000,0.000000,0.000000,0.000000
68.397278,0.000000,0.000000,-68.397278,56.045528,60.000000,0.000000,0.000000,0.000000,0.000000
68.458916,0.000000,0.000000,-68.458916,61.637875,60.000000,0.000000,0.000000,0.000000,0.000000
68.520554,0.000000,0.000000,-68.520554,61.637875,60.000000,0.000000,0.000000,0.000000,0.000000
68.576591,0.000000,0.000000,-68.576591,56.037899,60.000000,0.000000,0.000000,0.000000,0.000000
68.638229,0.000000,0.000000,-68.638229,61.637875,60.000000,0.000000,0.000000,0.000000,0.000000
68.699867,0.000000,0.000000,-68.699867,61.637875,60.000000,0.000000,0.000000,0.000000,0.000000
68.755905,0.000000,0.000000,-68.755905,56.037899,60.000000,0.000000,0.000000,0.000000,0.000000
68.817543,0.000000,0.000000,-68.817543,61.637875,60.000000,0.000000,0.000000,0.000000,0.000000
68.879181,0.000000,0.000000,-68.879181,61.637875,60.000000,0.000000,0.000000,0.000000,0.000000
68.940819,0.000000,0.000000,-68.940819,61.637875,60.000000,0.000000,0.000000,0.000000,0.000000
68.996857,0.000000,0.000000,-68.996857,56.037899,60.000000,0.000000,0.000000,0.000000,0.000000
69.058502,0.000000,0.000000,-69.058502,61.645504,60.000000,0.000000,0.000000,0.000000,0.000000
69.120132,0.000000,0.000000,-69.120132,61.630245,60.000000,0.000000,0.000000,0.000000,0.000000
69.181778,0.000000,0.000000,-69.181778,61.645504,60.000000,0.000000,0.000000,0.000000,0.000000
69.237816,0.000000,0.000000,-69.237816,56.037899,60.000000,0.000000,0.000000,0.000000,0.000000
69.299446,0.000000,0.000000,-69.299446,61.630245,60.000000,0.000000,0.000000,0.000000,0.000000
69.361092,0.000000,0.000000,-69.361092,61.645504,60.000000,0.000000,0.000000,0.000000,0.000000
69.417130,0.000000,0.000000,-69.417130,56.037899,60.000000,0.000000,0.000000,0.000000,0.000000
69.478760,0.000000,0.000000,-69.478760,61.630245,60.000000,0.000000,0.000000,0.000000,0.000000
69.540405,0.000000,0.000000,-69.540405,61.645504,60.000000,0.000000,0.000000,0.000000,0.000000
69.602043,0.000000,0.000000,-69.602043,61.637875,60.000000,0.000000,0.000000,0.000000,0.000000
69.658081,0.000000,0.000000,-69.658081,56.037899,60.000000,0.000000,0.000000,0.000000,0.000000
69.719719,0.000000,0.000000,-69.719719,61.637875,60.000000,0.000000,0.000000,0.000000,0.000000
69.781357,0.000000,0.000000,-69.781357,61.637875,60.000000,0.000000,0.000000,0.000000,0.000000
69.843002,0.000000,0.000000,-69.843002,61.645504,60.000000,0.000000,0.000000,0.000000,0.000000
69.899033,0.000000,0.000000,-69.899033,56.030270,60.000000,0.000000,0.000000,0.000000,0.000000
69.960670,0.000000,0.000000,-69.960670,61.637875,60.000000,0.000000,0.000000,0.000000,0.000000
70.022316,0.000000,0.000000,-70.022316,61.645504,60.000000,0.000000,0.000000,0.000000,0.000000
70.078346,0.000000,0.000000,-70.078346,56.030270,60.000000,0.000000,0.000000,0.000000,0.000000
70.139992,0.000000,0.000000,-70.139992,61.645504,60.000000,0.000000,0.000000,0.000000,0.000000
70.201630,0.000000,0.000000,-70.201630,61.637875,60.000000,0.000000,0.000000,0.000000,0.000000
70.263268,0.000000,0.000000,-70.263268,61.637875,60.000000,0.000000,0.000000,0.000000,0.000000
70.319305,0.000000,0.000000,-70.319305,56.037899,60.000000,0.000000,0.000000,0.000000,0.000000
70.380943,0.000000,0.000000,-70.380943,61.637875,60.000000,0.000000,0.000000,0.000000,0.000000
74.224998,0.000000,0.000000,-74.224998,56.037899,60.000000,0.000000,0.000000,0.000000,0.000000
74.286636,0.000000,0.000000,-74.286636,61.637875,60.000000,0.000000,0.000000,0.000000,0.000000
74.348282,0.000000,0.000000,-74.348282,61.645504,60.000000,0.000000,0.000000,0.000000,0.000000
74.404312,0.000000,0.000000,-74.404312,56.030270,60.000000,0.000000,0.000000,0.000000,0.000000
74.465950,0.000000,0.000000,-74.465950,61.637875,60.000000,0.000000,0.000000,0.000000,0.000000
74.527596,0.000000,0.000000,-74.527596,61.645504,60.000000,0.000000,0.000000,0.000000,0.000000
74.589226,0.000000,0.000000,-74.589226,61.630245,60.000000,0.000000,0.000000,0.000000,0.000000
74.645264,0.000000,0.000000,-74.645264,56.037899,60.000000,0.000000,0.000000,0.000000,0.000000
74.706909,0.000000,0.000000,-74.706909,61.645504,60.000000,0.000000,0.000000,0.000000,0.000000
74.768539,0.000000,0.000000,-74.768539,61.630245,60.000000,0.000000,0.000000,0.000000,0.000000
74.824577,0.000000,0.000000,-74.824577,56.037899,60.000000,0.000000,0.000000,0.000000,0.000000
74.886223,0.000000,0.000000,-74.886223,61.645504,60.000000,0.000000,0.000000,0.000000,0.000000
74.947853,0.000000,0.000000,-74.947853,61.630245,60.000000,0.000000,0.000000,0.000000,0.000000
75.009499,0.000000,0.000000,-75.009499,61.645504,60.000000,0.000000,0.000000,0.000000,0.000000
75.065536,0.000000,0.000000,-75.065536,56.037899,60.000000,0.000000,0.000000,0.000000,0.000000
75.127167,0.000000,0.000000,-75.127167,61.630245,60.000000,0.000000,0.000000,0.000000,0.000000
75.188812,0.000000,0.000000,-75.188812,61.645504,60.000000,0.000000,0.000000,0.000000,0.000000
75.244850,0.000000,0.000000,-75.244850,56.037899,60.000000,0.000000,0.000000,0.000000,0.000000
75.306480,0.000000,0.000000,-75.306480,61.630245,60.000000,0.000000,0.000000,0.000000,0.000000
75.368126,0.000000,0.000000,-75.368126,61.645504,60.000000,0.000000,0.000000,0.000000,0.000000
75.429764,0.000000,0.000000,-75.429764,61.637875,60.000000,0.000000,0.000000,0.000000,0.000000
75.485794,0.000000,0.000000,-75.485794,56.030270,60.000000,0.000000,0.000000,0.000000,0.000000
75.547440,0.000000,0.000000,-75.547440,61.645504,60.000000,0.000000,0.000000,0.000000,0.000000
75.609077,0.000000,0.000000,-75.609077,61.637875,60.000000,0.000000,0.000000,0.000000,0.000000
75.670723,0.000000,0.000000,-75.670723,61.645504,60.000000,0.000000,0.000000,0.000000,0.000000
75.726753,0.000000,0.000000,-75.726753,56.030270,60.000000,0.000000,0.000000,0.000000,0.000000
75.788391,0.000000,0.000000,-75.788391,61.637875,60.000000,0.000000,0.000000,0.000000,0.000000
75.850037,0.000000,0.000000,-75.850037,61.645504,60.000000,0.000000,0.000000,0.000000,0.000000
75.906067,0.000000,0.000000,-75.906067,56.030270,60.000000,0.000000,0.000000,0.000000,0.000000
75.967705,0.000000,0.000000,-75.967705,61.637875,60.000000,0.000000,0.000000,0.000000,0.000000
76.029350,0.000000,0.000000,-76.029350,61.645504,60.000000,0.000000,0.000000,0.000000,0.000000
76.090988,0.000000,0.000000,-76.090988,61.637875,60.000000,0.000000,0.000000,0.000000,0.000000
76.147026,0.000000,0.000000,-76.147026,56.037899,60.000000,0.000000,0.000000,0.000000,0.000000
76.208664,0.000000,0.000000,-76.208664,61.637875,60.000000,0.000000,0.000000,0.000000,0.000000
76.270302,0.000000,0.000000,-76.270302,61.637875,60.000000,0.000000,0.000000,0.000000,0.000000
76.326340,0.000000,0.000000,-76.326340,56.037899,60.000000,0.000000,0.000000,0.000000,0.000000
76.387978,0.000000,0.000000,-76.387978,61.637875,60.000000,0.000000,0.000000,0.000000,0.000000
76.449615,0.000000,0.000000,-76.449615,61.637875,60.000000,0.000000,0.000000,0.000000,0.000000
76.511253,0.000000,0.000000,-76.511253,61.637875,60.000000,0.000000,0.000000,0.000000,0.000000
76.567291,0.000000,0.000000,-76.567291,56.037899,60.000000,0.000000,0.000000,0.000000,0.000000
76.628937,0.000000,0.000000,-76.628937,61.645504,60.000000,0.000000,0.000000,0.000000,0.000000
76.690567,0.000000,0.000000,-76.690567,61.630245,60.000000,0.000000,0.000000,0.000000,0.000000
76.752205,0.000000,0.000000,-76.752205,61.637875,60.000000,0.000000,0.000000,0.000000,0.000000
80.657906,0.000000,0.000000,-80.657906,61.645504,60.000000,0.000000,0.000000,0.000000,0.000000
80.713943,0.000000,0.000000,-80.713943,56.037899,60.000000,0.000000,0.000000,0.000000,0.000000
80.775574,0.000000,0.000000,-80.775574,61.630245,60.000000,0.000000,0.000000,0.000000,0.000000
80.837219,0.000000,0.000000,-80.837219,61.645504,60.000000,0.000000,0.000000,0.000000,0.000000
80.898857,0.000000,0.000000,-80.898857,61.637875,60.000000,0.000000,0.000000,0.000000,0.000000
80.954895,0.000000,0.000000,-80.954895,56.037899,60.000000,0.000000,0.000000,0.000000,0.000000
81.016533,0.000000,0.000000,-81.016533,61.637875,60.000000,0.000000,0.000000,0.000000,0.000000
81.078171,0.000000,0.000000,-81.078171,61.637875,60.000000,0.000000,0.000000,0.000000,0.000000
81.139816,0.000000,0.000000,-81.139816,61.645504,60.000000,0.000000,0.000000,0.000000,0.000000
81.195847,0.000000,0.000000,-81.195847,56.030270,60.000000,0.000000,0.000000,0.000000,0.000000
81.257484,0.000000,0.000000,-81.257484,61.637875,60.000000,0.000000,0.000000,0.000000,0.000000
81.319130,0.000000,0.000000,-81.319130,61.645504,60.000000,0.000000,0.000000,0.000000,0.000000
81.375160,0.000000,0.000000,-81.375160,56.030270,60.000000,0.000000,0.000000,0.000000,0.000000
81.436798,0.000000,0.000000,-81.436798,61.637875,60.000000,0.000000,0.000000,0.000000,0.000000
81.498444,0.000000,0.000000,-81.498444,61.645504,60.000000,0.000000,0.000000,0.000000,0.000000
81.560081,0.000000,0.000000,-81.560081,61.637875,60.000000,0.000000,0.000000,0.000000,0.000000
81.616112,0.000000,0.000000,-81.616112,56.030270,60.000000,0.000000,0.000000,0.000000,0.000000
81.677757,0.000000,0.000000,-81.677757,61.645504,60.000000,0.000000,0.000000,0.000000,0.000000
81.739395,0.000000,0.000000,-81.739395,61.637875,60.000000,0.000000,0.000000,0.000000,0.000000
81.795425,0.000000,0.000000,-81.795425,56.030270,60.000000,0.000000,0.000000,0.000000,0.000000
81.857071,0.000000,0.000000,-81.857071,61.645504,60.000000,0.000000,0.000000,0.000000,0.000000
81.918709,0.000000,0.000000,-81.918709,61.637875,60.000000,0.000000,0.000000,0.000000,0.000000
81.980354,0.000000,0.000000,-81.980354,61.645504,60.000000,0.000000,0.000000,0.000000,0.000000
82.036385,0.000000,0.000000,-82.036385,56.030270,60.000000,0.000000,0.000000,0.000000,0.000000
82.098022,0.000000,0.000000,-82.098022,61.637875,60.000000,0.000000,0.000000,0.000000,0.000000
82.159668,0.000000,0.000000,-82.159668,61.645504,60.000000,0.000000,0.000000,0.000000,0.000000
82.221298,0.000000,0.000000,-82.221298,61.630245,60.000000,0.000000,0.000000,0.000000,0.000000
82.277336,0.000000,0.000000,-82.277336,56.037899,60.000000,0.000000,0.000000,0.000000,0.000000
82.338982,0.000000,0.000000,-82.338982,61.645504,60.000000,0.000000,0.000000,0.000000,0.000000
82.400612,0.000000,0.000000,-82.400612,61.630245,60.000000,0.000000,0.000000,0.000000,0.000000
82.456657,0.000000,0.000000,-82.456657,56.045528,60.000000,0.000000,0.000000,0.000000,0.000000
82.518295,0.000000,0.000000,-82.518295,61.637875,60.000000,0.000000,0.000000,0.000000,0.000000
82.579926,0.000000,0.000000,-82.579926,61.630245,60.000000,0.000000,0.000000,0.000000,0.000000
82.641571,0.000000,0.000000,-82.641571,61.645504,60.000000,0.000000,0.000000,0.000000,0.000000
82.697609,0.000000,0.000000,-82.697609,56.037899,60.000000,0.000000,0.000000,0.000000,0.000000
82.759239,0.000000,0.000000,-82.759239,61.630245,60.000000,0.000000,0.000000,0.000000,0.000000
82.820885,0.000000,0.000000,-82.820885,61.645504,60.000000,0.000000,0.000000,0.000000,0.000000
82.876923,0.000000,0.000000,-82.876923,56.037899,60.000000,0.000000,0.000000,0.000000,0.000000
82.938560,0.000000,0.000000,-82.938560,61.637875,60.000000,0.000000,0.000000,0.000000,0.000000
83.000198,0.000000,0.000000,-83.000198,61.637875,60.000000,0.000000,0.000000,0.000000,0.000000
83.061836,0.000000,0.000000,-83.061836,61.637875,60.000000,0.000000,0.000000,0.000000,0.000000
83.117874,0.000000,0.000000,-83.117874,56.037899,60.000000,0.000000,0.000000,0.000000,0.000000
83.179512,0.000000,0.000000,-83.179512,61.637875,60.000000,0.000000,0.000000,0.000000,0.000000
87.387802,0.000000,0.000000,-87.387802,61.637875,60.000000,0.000000,0.000000,0.000000,0.000000
87.443832,0.000000,0.000000,-87.443832,56.030270,60.000000,0.000000,0.000000,0.000000,0.000000
87.505478,0.000000,0.000000,-87.505478,61.645504,60.000000,0.000000,0.000000,0.000000,0.000000
87.567116,0.000000,0.000000,-87.567116,61.637875,60.000000,0.000000,0.000000,0.000000,0.000000
87.628761,0.000000,0.000000,-87.628761,61.645504,60.000000,0.000000,0.000000,0.000000,0.000000
87.684792,0.000000,0.000000,-87.684792,56.030270,60.000000,0.000000,0.000000,0.000000,0.000000
87.746429,0.000000,0.000000,-87.746429,61.637875,60.000000,0.000000,0.000000,0.000000,0.000000
87.808075,0.000000,0.000000,-87.808075,61.645504,60.000000,0.000000,0.000000,0.000000,0.000000
87.864105,0.000000,0.000000,-87.864105,56.030270,60.000000,0.000000,0.000000,0.000000,0.000000
87.925743,0.000000,0.000000,-87.925743,61.637875,60.000000,0.000000,0.000000,0.000000,0.000000
87.987389,0.000000,0.000000,-87.987389,61.645504,60.000000,0.000000,0.000000,0.000000,0.000000
88.049019,0.000000,0.000000,-88.049019,61.630245,60.000000,0.000000,0.000000,0.000000,0.000000
88.105057,0.000000,0.000000,-88.105057,56.037899,60.000000,0.000000,0.000000,0.000000,0.000000
88.166702,0.000000,0.000000,-88.166702,61.645504,60.000000,0.000000,0.000000,0.000000,0.000000
88.228333,0.000000,0.000000,-88.228333,61.630245,60.000000,0.000000,0.000000,0.000000,0.000000
88.289978,0.000000,0.000000,-88.289978,61.645504,60.000000,0.000000,0.000000,0.000000,0.000000
88.346016,0.000000,0.000000,-88.346016,56.037899,60.000000,0.000000,0.000000,0.000000,0.000000
88.407646,0.000000,0.000000,-88.407646,61.630245,60.000000,0.000000,0.000000,0.000000,0.000000
88.469292,0.000000,0.000000,-88.469292,61.645504,60.000000,0.000000,0.000000,0.000000,0.000000
88.525330,0.000000,0.000000,-88.525330,56.037899,60.000000,0.000000,0.000000,0.000000,0.000000
88.586960,0.000000,0.000000,-88.586960,61.630245,60.000000,0.000000,0.000000,0.000000,0.000000
88.648605,0.000000,0.000000,-88.648605,61.645504,60.000000,0.000000,0.000000,0.000000,0.000000
88.704643,0.000000,0.000000,-88.704643,56.037899,60.000000,0.000000,0.000000,0.000000,0.000000
88.766281,0.000000,0.000000,-88.766281,61.637875,60.000000,0.000000,0.000000,0.000000,0.000000
88.827919,0.000000,0.000000,-88.827919,61.637875,60.000000,0.000000,0.000000,0.000000,0.000000
88.889557,0.000000,0.000000,-88.889557,61.637875,60.000000,0.000000,0.000000,0.000000,0.000000
88.945602,0.000000,0.000000,-88.945602,56.045528,60.000000,0.000000,0.000000,0.000000,0.000000
89.007233,0.000000,0.000000,-89.007233,61.630245,60.000000,0.000000,0.000000,0.000000,0.000000
89.068871,0.000000,0.000000,-89.068871,61.637875,60.000000,0.000000,0.000000,0.000000,0.000000
89.124916,0.000000,0.000000,-89.124916,56.045528,60.000000,0.000000,0.000000,0.000000,0.000000
89.186546,0.000000,0.000000,-89.186546,61.630245,60.000000,0.000000,0.000000,0.000000,0.000000
89.248192,0.000000,0.000000,-89.248192,61.645504,60.000000,0.000000,0.000000,0.000000,0.000000
89.309830,0.000000,0.000000,-89.309830,61.637875,60.000000,0.000000,0.000000,0.000000,0.000000
89.365860,0.000000,0.000000,-89.365860,56.030270,60.000000,0.000000,0.000000,0.000000,0.000000
89.427505,0.000000,0.000000,-89.427505,61.645504,60.000000,0.000000,0.000000,0.000000,0.000000
89.489143,0.000000,0.000000,-89.489143,61.637875,60.000000,0.000000,0.000000,0.000000,0.000000
89.545174,0.000000,0.000000,-89.545174,56.030270,60.000000,0.000000,0.000000,0.000000,0.000000
89.606819,0.000000,0.000000,-89.606819,61.645504,60.000000,0.000000,0.000000,0.000000,0.000000
89.668457,0.000000,0.000000,-89.668457,61.637875,60.000000,0.000000,0.000000,0.000000,0.000000
89.730103,0.000000,0.000000,-89.730103,61.645504,60.000000,0.000000,0.000000,0.000000,0.000000
89.786133,0.000000,0.000000,-89.786133,56.030270,60.000000,0.000000,0.000000,0.000000,0.000000
89.847771,0.000000,0.000000,-89.847771,61.637875,60.000000,0.000000,0.000000,0.000000,0.000000
89.909416,0.000000,0.000000,-89.909416,61.645504,60.000000,0.000000,0.000000,0.000000,0.000000
93.809502,0.000000,0.000000,-93.809502,61.637875,60.000000,0.000000,0.000000,0.000000,0.000000
93.865540,0.000000,0.000000,-93.865540,56.037899,60.000000,0.000000,0.000000,0.000000,0.000000
93.927177,0.000000,0.000000,-93.927177,61.637875,60.000000,0.000000,0.000000,0.000000,0.000000
93.988815,0.000000,0.000000,-93.988815,61.637875,60.000000,0.000000,0.000000,0.000000,0.000000
94.044853,0.000000,0.000000,-94.044853,56.037899,60.000000,0.000000,0.000000,0.000000,0.000000
94.106491,0.000000,0.000000,-94.106491,61.637875,60.000000,0.000000,0.000000,0.000000,0.000000
94.168129,0.000000,0.000000,-94.168129,61.637875,60.000000,0.000000,0.000000,0.000000,0.000000
94.224167,0.000000,0.000000,-94.224167,56.037899,60.000000,0.000000,0.000000,0.000000,0.000000
94.285805,0.000000,0.000000,-94.285805,61.637875,60.000000,0.000000,0.000000,0.000000,0.000000
94.347443,0.000000,0.000000,-94.347443,61.637875,60.000000,0.000000,0.000000,0.000000,0.000000
94.409081,0.000000,0.000000,-94.409081,61.637875,60.000000,0.000000,0.000000,0.000000,0.000000
94.465126,0.000000,0.000000,-94.465126,56.045528,60.000000,0.000000,0.000000,0.000000,0.000000
94.526756,0.000000,0.000000,-94.526756,61.630245,60.000000,0.000000,0.000000,0.000000,0.000000
94.588394,0.000000,0.000000,-94.588394,61.637875,60.000000,0.000000,0.000000,0.000000,0.000000
94.644440,0.000000,0.000000,-94.644440,56.045528,60.000000,0.000000,0.000000,0.000000,0.000000
94.706070,0.000000,0.000000,-94.706070,61.630245,60.000000,0.000000,0.000000,0.000000,0.000000
94.767708,0.000000,0.000000,-94.767708,61.637875,60.000000,0.000000,0.000000,0.000000,0.000000
94.823753,0.000000,0.000000,-94.823753,56.045528,60.000000,0.000000,0.000000,0.000000,0.000000
94.885391,0.000000,0.000000,-94.885391,61.637875,60.000000,0.000000,0.000000,0.000000,0.000000
94.947029,0.000000,0.000000,-94.947029,61.637875,60.000000,0.000000,0.000000,0.000000,0.000000
95.003067,0.000000,0.000000,-95.003067,56.037899,60.000000,0.000000,0.000000,0.000000,0.000000
95.064705,0.000000,0.000000,-95.064705,61.637875,60.000000,0.000000,0.000000,0.000000,0.000000
95.126343,0.000000,0.000000,-95.126343,61.637875,60.000000,0.000000,0.000000,0.000000,0.000000
95.182381,0.000000,0.000000,-95.182381,56.037899,60.000000,0.000000,0.000000,0.000000,0.000000
95.244019,0.000000,0.000000,-95.244019,61.637875,60.000000,0.000000,0.000000,0.000000,0.000000
95.305656,0.000000,0.000000,-95.305656,61.637875,60.000000,0.000000,0.000000,0.000000,0.000000
95.367294,0.000000,0.000000,-95.367294,61.637875,60.000000,0.000000,0.000000,0.000000,0.000000
95.423332,0.000000,0.000000,-95.423332,56.037899,60.000000,0.000000,0.000000,0.000000,0.000000
95.484970,0.000000,0.000000,-95.484970,61.637875,60.000000,0.000000,0.000000,0.000000,0.000000
95.546608,0.000000,0.000000,-95.546608,61.637875,60.000000,0.000000,0.000000,0.000000,0.000000
95.602654,0.000000,0.000000,-95.602654,56.045528,60.000000,0.000000,0.000000,0.000000,0.000000
95.664284,0.000000,0.000000,-95.664284,61.630245,60.000000,0.000000,0.000000,0.000000,0.000000
95.725922,0.000000,0.000000,-95.725922,61.637875,60.000000,0.000000,0.000000,0.000000,0.000000
95.787567,0.000000,0.000000,-95.787567,61.645504,60.000000,0.000000,0.000000,0.000000,0.000000
95.843597,0.000000,0.000000,-95.843597,56.030270,60.000000,0.000000,0.000000,0.000000,0.000000
95.905235,0.000000,0.000000,-95.905235,61.637875,60.000000,0.000000,0.000000,0.000000,0.000000
95.966881,0.000000,0.000000,-95.966881,61.645504,60.000000,0.000000,0.000000,0.000000,0.000000
96.022911,0.000000,0.000000,-96.022911,56.030270,60.000000,0.000000,0.000000,0.000000,0.000000
96.084557,0.000000,0.000000,-96.084557,61.645504,60.000000,0.000000,0.000000,0.000000,0.000000
96.146194,0.000000,0.000000,-96.146194,61.637875,60.000000,0.000000,0.000000,0.000000,0.000000
96.202225,0.000000,0.000000,-96.202225,56.030270,60.000000,0.000000,0.000000,0.000000,0.000000
